{
    "lmax": 5,
    "pythonPrec": 200,
    "sdpbPrec": 2048,
    "procsPerNode": 4,
    "bound": "1.15402991312976215483149749158583030182817088283794342427316511921096923522225590558861025833863579005079605825513353062934209448599331210116366032062443724434745457323901052706259722177479686325141822909301498722573992869611459083222216175417377256751481952340987429471057560755193313456773809179895718754334811161733992381343218794096220808181398824220453907044413756947807904727256840535835486246163137259584870504774369268406656434246208933910891889522802606436683535373219455591279889703908765662175964718251179948765396717066263754942617580828391138087830852453721832754367831087211472768172409115147277688336907",
    "coefficients": [
        "1.0000000000000000000000000000000000000000000000000000000000000000000000000000000000000000000000000000000000000000000000000000000000000000000000000000000000000000000000000000000000000000000000000000000",
        "0.031449279691620266731151747675667695709044931061103190584567655644991591045170972401189227679097892037105716342104921266731655652931849349587164941988333258267780210495192605545083494614082197462258251958600516947496704957569191913873796104466616613818417738695754933909949598787523446214923908496540454219758851198664303369732594495330096617919266020818393260024657621884287511180471713881981856911155235039857642970311975954167298492687768747034846071746882958897327268361021479546098105455432199497941184908018696995325290084248899293547736995178865506932715271700767739717499936314391616072179741549127635106299882",
        "-3.8836125270522781391185419150099754618723796575925456322058612013992070662782034481704550935862230430423408793026025866198650107663976077047957453301735904090547967425069948112816108097896415066417154907111488711709248721753246348802079143291490728930554892664880605244939732671095052655364799059559504662443991041838861620568005045391456485030710608371474389406595494267448830342245004952952309903551440811147045243938401998181446754584718222297613879108779885568051123175018156339111005916727361753406084177822356799003794845925644960177935764922059340989059754311998293964993585774266176206126093949432710617030603E-33",
        "-0.00059280557283768130456406537236636602436521706480781329864747761841815982454162953300689359859355051030325464963910285728151135896408756276564171890564605621695706729445953256386268109693080874517678772107653418636483265814619280747867642750547122815575806306835084312855315715069467994935352540577336178868750241648020843634473153365280416044025688941187021104467543711989111738293484603714623758175291832112807600902540951571425650702074598705126654715714806877619990354057964198827554590213486847487190349257589003270805054226518848207511659331060259983977000013876471547833596573282211646027091549466043064793026662",
        "-0.00013562532629445971484896470527844287940652979325209793493320581205408248999480124042545277505465477625706665162095579175316487551687354417665736097165305407179419274723309248738571116011577619552724492750252858781304790909271416685307176418485178645833530819690319688728177411150096743463612745690617946946882006572763278320679153350795010640529378968356875350509583686237380495536521718125711053960576156015637780522556322722104963111096852233650622581262401536602721564689805996665879173976095626866748173188008894674870152439472801016544397970937789056780992453128160575323244662015164307272822617556071395656998448",
        "-0.000015505889081209075285524877266145577062272014319567687597012204923754548794561863672846719412644214694747104594691908355204200909860181790961901760838782193453482255091741242454308221874645566797451531221543076629708766810156200229692040936969966715274197892004030731197855524637078448268038166313166353527034858115179468110969725445183646666638244022365028213965618754215188456704117102161164140653489056362207569773698569707781333388860398209671825005328830048264970697341231460354996450722315890189598179906841702086461435426228767319752277761634150823020247685659153360280493864912842474119184031176210996013665064"
    ]
}