{
    "lmax": 29,
    "prec": 200,
    "bound": "1.154096944319309597900282276860672807053647808938659460888004788283557287055304229872133476264925389540522653286968245924459684841505308698779769086983944260036804276630173618576758574294123419361555349413674583475712280640883486422591381303961901356897776231272643483062542937659019794032511121048147845354163",
    "coefficients": [
        "1.0000000000000000000000000000000000000000000000000000000000000000000000000000000000000000000000000000000000000000000000000000000000000000000000000000000000000000000000000000000000000000000000000000000",
        "0.0321874724681934758268573466309413640897174281236491302709211397440742430207353050612224897398102724836172740145417842817596194350103493732002171102879962511395440863223540108610097203822561886843599115167162637299424804564257491748908137407055601083388588417714371247326033813265063246866173898548503386690208",
        "-3.59198149196396514878458101143462136271145816686134332404855652827788433633728210301996501963876255433878496290927400324867875718521234096995497826253022069600548904916570969342636497748461567432464333837541492190278238217943855436691789309468143832447808638526205780713208871747756922879782960495419547254506E-34",
        "-0.000610598848670846980192184418307975685902110567150744734765054999805977184739011098721428603886706425553424768824801422501078804427667192378131509016583347028640697088339353029647270814179230602680246642726449279859302408606397173743447202089664685688348763598219260980338173643011275529253305114588924659989676",
        "-0.000173342384086418117844212824858647734399945660695368496066677243547342173405439803707287508283558796415981776593795264432150052375276149683622081801415906758132694408308328016974972502195778147013056425090168125454625559798580442327962213770127937244863425038926834362403035725796662275859160392336989457140853",
        "-0.0000278043428840399652486482065258027159266418457109844355522364887587530050189785841385116541504136861077300117004578480822064686535611169783859001597458327621205903523983780106601650991367425765383853785682470192502544175052596618821554940630625519685281712408725295403394510100260428212336177209183514688219301",
        "-4.74237479224785254316669764097558579964805772776716920570200897664206891970105375056871084586161485276267680481843780318726884351648440643520715022096365235619064238165604166390122875603748333905042684284868521197722992855248827221257281623746194540081554192774744862535385319962983783822866141471143038535573E-35",
        "0.00000135860251842156540711713061092576462266993783145844779326001268664714114750281784104402507360981660259628610466820675629535626851034697492713530383183503911770280042510270206621755601084091836022181471721716969353026908087202783665746844065982882124324332936321322517864564038822869560059887111831699567298013",
        "-7.09697384217389439289312286034521308343836982148259894842993286501243660195300423439700998966606154893885108421503006000742217166299879704992732787624641802884094918543481883922681602888490791876175088852660462585796580990813998151976861055390864394983848133438081272456491316142853174816058401323554049025058E-35",
        "-4.43823253295906944191469861295493258092425535908924808653594004685908023753105922857057058615438191628558652673799252486022390455163236363900152568388987582049049776574159809999146975050440292792496385607862970236621463614722525393644853913219439880553524258677874619384884023384386098213402970339014818494318E-7",
        "-3.06225433501628253001088065384473543677124607738541391841855769238157517916972525770200963016935636968247976573183577986018726974518480271869316575347875818260781614545019534659637346072191172699167967989125581564972840691943520422241138233337894203677712574922212734652575785879996915208719776464206233525884E-7",
        "-9.92551100147383815763673092084757935303952961742657055473842679130056428521253019407107515720613473847139323843186564011325621222608858052732165001346670996905354071892549000632814375388969932032517515205098023415989359322495157573159651082558136870653509772151287557373266155740537408864150471935219992430616E-8",
        "-2.17724672663740821910894404639326296058368248616467446014102215636211912973219921886430490087103577427986553123441849879932048282539253211832316303187346167600443822245340910079913081500678678326058310703968155834096928122838109226597257865115068499741481142121014286296453673125613643632420679564763181862979E-34",
        "1.22809720224653544753677715476019628586251351481972798586903232892888373064667543771118058012827967630986842049985947189745336114562977402338479302049942049385150384226081231433233384598224290455404145164804975757546894666174374606165966138690192938574496269515021199757925278625403555313052916997571169663766E-8",
        "-5.54958035557940963027275690163706622594934594754650689661308928831036707728786730947554894392810421937083516349040336370344701689864506658400210516036473974808545660406148901832487590191446714585164261306755353152722393682612462178760108087474209752564666757187029506035004463617624443270917107122836958539216E-34",
        "-4.04471394349008175074093996129675885539036294789715823203824163864695065927349811951872628499638530482643530523127774037520217034189325943973427103869513488805042462731121983504067860906387615307832250007710969157726593840829082561755883152888059441144711366668242074005666560178085680871132607821168310926001E-9",
        "-4.88584631034342156652493824733072167270455916196707776488884102268691380923468231465621094390098484290650750541639062488110401972995727402586986552977792137822113277761210133781228467479143081143258826766806923913967039228587492084479082312708068241419844942728747404861338041552112282611687081656803118981437E-34",
        "2.16342882987000579599857438815485731513739679955813346313440793352579730273443535604393361546471841057812379887970656305682700005017564658204192157370094803931554223083198394868913373586402599193969029348723011539293969838521136414891288671269204519728830728871864009115350477118543746042000852426578334227519E-9",
        "-9.76247591941064414256609193391395686791380565258002453190765123920471774147983343960006361110678862046274049519874625240949463851709885147623320774344480176515625013793346927508733773072728095515129959416119952284472915998525246653518838368055947400860104669972509637749758412119678780238148937837922705571037E-33",
        "-1.79471036967404919938970111798061304410773367704030306528751125674931129633024622900429954184076714209271995090065277499705255020641877155513832408199915224130848561705117952651688632132285745325260179430836550304689501274861691820392780092064331452121845305388263228430547204511139715620549886102840255248995E-9",
        "-4.48204607642092940109578718034138713426817123654519347386821973411920928474324054055297325021645044035026156859491075948468359367415842636675768727050237827641685214304612143341305658907942286639824489272460883184059193227471578461200463093027451921489563368357512289903986929295597575354487695055240566836193E-30",
        "2.05427621678877257062354077555088324106592141946762412867018259727598209087006071256891770706076092646883838687765276548977173085755115733826127944233153967115667524397043742455438473976295640553647510686386243968583856013272877328372497097080835662078038356093174170306893965405199905579496640548422136265299E-9",
        "-2.88527122240021186876816241233582479614795241595837777643070227071442938798901220374206813580869892130088920340996374310226291560695712423886739028328972573218581413696013783383950826798141247226098248265665068698578879958176772203918873708874127533707378020499406362800938743632334278344684231620088841759434E-32",
