{
    "lmax": 24,
    "prec": 200,
    "bound": "1.154096944281685806292915569848837654959050708267528660802081804833099742668119227568387644427589997516235806213300104369757474921998439359359307920548468296386881458945253472765193376320026860323838154226621718114414264856104602396352077432494981829565009655144380396250111946087104038198013697115026625030293",
    "coefficients": [
        "1.0000000000000000000000000000000000000000000000000000000000000000000000000000000000000000000000000000000000000000000000000000000000000000000000000000000000000000000000000000000000000000000000000000000",
        "0.0321921020963070823686764314939114247499275479163151321325704146002740713624423247074914986121619031869323019030218714875525736382486249138123358006221326222387255010616712810103853996828427904427687918070933918681164647360813248440836284560244088279819673445783476984264399869433036711693249393073369872114833",
        "-6.99729753224768060407700770369067577589870401284573795066771833208618546192069376592517630913997335683082249480694410028508434497850569155639237905545996072543300187559904568733395660919128113894269225631345928130352885904078604990151090730449938369256560906903687720186667920270768661260947528624414033062468E-34",
        "-0.000610704306680440114052757704368104556208783629418904728407269485697969780883771231834321426592825109988904239901622263780175672198599532834033811475979129579361357223832990242177614010386719998906398181582683294213014163724503511690990581707928332342923739746992945393615991842410728204947191415033331266966466",
        "-0.000173567981350345078814815557140134181685761047938293978549808630720204092611148725271514464282454789129586637338069032640625263840373495174929824809555665559661752730802053355893498971921458458081720733346841961121738777421660383666978347164158949895383204096844232531963141694151702844295858215461232984256125",
        "-0.0000278872499074348027931261195629778109828339041293198374814858091824492076025313320538431031643463604183216400839030040921147629681675640847907473736030978527511990459657391635660481378431493629265702195280396832909354364198640773875281943357651423195406058194699116651966997118017193719185162331488035706455652",
        "-9.23830164145369968804675592103977232252736993370454674973004434741871597648002704511028161770924100735894763778022663654872432577938801836745943180038110871013669492661335086883543753097738053944605473643064473197250474989199976517836659074425884286824709495321861676193480035127331658339112472468790968617381E-35",
        "0.00000137012615546163423054152225212859934184327858592633242114646201538966369554252674213994526076238307563065362286834453862314678591423219767304770548085795722313417430203803515444411424751381008163673296280389956930516260643707496455860413029298879436440002571453811686167233631380640932661956043969029307596484",
        "-1.38251370415069895759397362277672814638178398669609697366801050400677418855291200198890727162059427565669709018117169631810593869728847085565906091103414018000223508218595944505973879797128885126708384529677150886050675387387297160170764537367043178315381403144247929296195186099242330409793237698219103988606E-34",
        "-4.51558650941554145693996191270402208872087300853670671418370953977413892316573592607633731520694973365581179565669714269588138193657013256957903277984579693095322731138251540936749761297526232943989167081036359555317627298805399773414420464899397276970567419926464057795692638786752790907463610370508764178845E-7",
        "-3.14270879873969630527004548074380719965759951130392366119825846884662979045705454753800503526238437022341357315806218080078803447214866620538761412985953066198472879533394243374256550298651265955681392201325642588883342067795285128903028278663171705657485558524264578143866182979537014214752141982590248143869E-7",
        "-1.03198558187258031254948680605293036800042959026585409838843523375314734501771111846618217257700561611814213388462320158219631930027275990884410910893690100504350081476696923057732418134161579099260753109574032468498945804641182188257754830765992045776906167693239068519833045799466257415438419012544151327545E-7",
        "-4.24136005597552800655927946696325395337971620669453545952947205630890938368397758919028663285354413398105376131400736666301449562612317791384306859110895042533496740027203436161760929487637834881576886057277567760169019192172346795680589936332302165768977148399838411147070885474737234321517090226826326106548E-34",
        "1.34388779174301714401644406145142308527374201400984473858598679863969020706768685712733790901836438375386546562118464665070623123371370802561095186207034362399499152191107186122073887527661565757150025493764413729370047780393116502391432100800284525451358296175852006244241938967543962461954228795344139326347E-8",
        "-1.08104295597260623962969902371929422723031636616747055061342006842679404000767555929044439179168669937343473741000633311773486956307148277259836997993084380205775370987521527244608551451661640964818713636503484494293238627750850062404085940175619314375810153837036372696386901642822742330440857037229382454847E-33",
        "-4.95070168892668331764801000572289059570930067759792856279677731335482345994405209501512468734198689977914994223094779768426182173287364414371737245009773211718142739278860794271286074578958730570913030819374291436634229104537212639464168182622540734107106771052770299170106246059103454052979859275778334856877E-9",
        "-9.51838788907102315337412712413354397171589614182220092007515841372006031174445388248439202604613646556504771055635510140270681034444338674655536344609174310394732659790512467378416273773680808240168741798169910065550562216316170820693890776294376429274518981716782141954058178021555178961851562271983353314074E-34",
        "3.46598656345006425223061465051187684265253964420825630469544888235252586264896763956377080169653974424183538790612188574237622481728955133474450892607014719219738706578986446159841660475897117809797375178120433211508211572629190688098297710397205315414322166797080163353457384751123853185875991585319086102595E-9",
        "-1.8980946602417043419786192771948692025897775349262898422563364438223496053268365913563415230138046039715445476462528692812065829587019186677258340395739479717374354388121331304296885542366430740570075070679380313297878568751967919564665160081054382201911805089786524001643511590603653632909647732396023555995E-32",
        "-6.15361449011069342058169036162871756825722460117087672037572883353030701596193624773890935950683883361374224093939592030521601984842411313583812441627070917340041565145831795070097619569017771832779155962278464484988780786908388396238853559286643541954776833093837007948350286687414868911868559220184917081422E-9",
        "-8.22445897236904202187839983309534498268361490975944184900199356229710978040519373398754114746350190173042707075294679544580114044718114175742223960327902739054548086391136058927627890714687056432695541061037705289894664755479440007278633237308846407593627631162310165358872162184006599073760151348295170335161E-9",
        "-4.73590368666452101340320765687266831171946150669101863731200026482476174380977043698392645173152525382197743281050629278642421196259202775407885892681192292900857694221889193501809623823771581381675465139612521036290153076888447621153875036191681667904013010331697738054663678356017498274121411704511374840221E-9",
        "-5.58934180744075663029684280290331158616236689397064097104423158782870218508510953962277937434268241654094630199423955917435895888015884227967617820002048222849773395133910306678050698023887765404997838616818285169313827434451261512389764473339089189630594801666085219986168653194673082342797757498306042070356E-32",
