{
    "lmax": 7,
    "pythonPrec": 200,
    "sdpbPrec": 2048,
    "procsPerNode": 4,
    "bound": "1.15402991312976215483149749158559804598653270508605448780115302623980690183792891931368472635007774497367431606308263662669049081689519058299499510386134093896001201618111577703290536532994996604744682587488705775067403680671504987087850198946301694076297614915438665824605693841767746491343370975285928834203313418510256795762227386387188377784832228577406701427702116519900837896054183721704917633422595569009973713775982114473954217742114633796350558030914246453646227026923403213958983022107455169956448829974028598692625623796652135731422910932505331315780250356673884495578932376298994356729362957470234920380587",
    "coefficients": [
        "1.0000000000000000000000000000000000000000000000000000000000000000000000000000000000000000000000000000000000000000000000000000000000000000000000000000000000000000000000000000000000000000000000000000000",
        "0.031449279691620266731151722722302277872814928893328737732728260523919009657265557163829251634109386276569727588563974567837168557469492228858564611020451803604751208750502716189503004857215428215510543835139659479999482045622374439823889892671243891902947740027300787439187527828023865461828574830938098022384574022866679259299631986494177900683984849117262253692684956745155266768807722293534439116949986740545590932527690764329266955805693327660773577753350393433272351599375323377107996183637928454385711834481749350756625100155512422282665491894230255036401033577973145997492700852824972683571841415998807994438989",
        "-2.1857452693121805880036133446271199127325193924104120471261942256823146631617194586700638640737325894740101642236098023495132939824749586328217709920340661279872078477040821351833400204488357977047028579891737363736910345180164073282921818547695191884144028843301859365475529064984538189028548345640161493701659097360928794416925511642064357425104277633399163824257333081825735265738728322572226056335918404636187930999163878203643025971567744417838627728568527448898478400851837036753032287703124732182910590615019992419467063607595043087030382322687836615716751574137225985919983937353032974576592498502561649199288E-33",
        "-0.00059280557283768130456406314943214034061778936293744923638494214936153422004859541671383386192356424509275414236167473936931524648376983986861187700845879077558307387715949867537005535165824757934383119145628988888693379865699934407829650883038837540426181131901134848686353642395058191523209896521085427657872229125782823817524729948611154665774737648415493194541695217129120380035421265020613218544880941434043486650951246149186631998380009353949720739975359117895852208876071588826794394413956738193866985283508178311953380444371398755058108230056355601963130316674494175387187674039261345649829277422306507311896992",
        "-0.0001356253262944597148489639820400979170095377779434273984574632461565120541523231531583879037897584540407200188401486481271404062963333742816056254591086727855700334408065502925840215048614871954742965413554176735264313464782891917162656614027152090066435662208474959356253881238088578963842459615857281641838744270446293362043277527554505456529867123887349625232620101262396428861478503452581351605971784383038518182603676993951325130919900319529667904227482083374203309255424076842933968425200495517951833118852849013920138370411381674689794342969975995018999890912101634704229010887370030633096921488910118787494555",
        "-0.000015505889081209075285524764929623141220086003470100154823671496928342944895979016572324888675296800323361377521533306870233706947439239809844881027263270354149128397923329955288666220127884470675415336517727110140673768182233603227222282759654846282186936246462409515081195695073802883401989739814723007690733388594730070621678344669655447304487554380840643936560031633486470353307052765297699847777444320859259450023701281717140695781653469109695643199823330814504328717214406978637476393358050736339913271077077190006299437075537871223732582607263089582411783593689022384640853132092616205176306873512061808994113415",
        "-3.0169494465923110583893295117885249441634728929578496319481248938757603035160809048430064288504188080814969975196177865281706463280002485145773936417638257860690643255273224459690935276912812039075933897923170291810613148540419808090316762086870062572906862326696565040065580728259985990210676112007131898244774833994294072286339946029595058758165330512795995705117626144725412570245209092326916216579779766750584842274177776049383105343387835834815546649289914313517111247229158247803799349603882663714082770987929273097291418035859196849729746253884228773473335191510486999545632560503756380569160758303406533183776E-34",
        "-1.7960991337897741989840259654426323069017516507845892349854339796166301243304659969724745253662492282947286706820463853778063522794482594390093589441830661065741352268524997336799995143272666332496653932070841257865022498314321712741725658357579710705771720645337365599231245467704561434488450631657578004188022812119798709677706534830923051426991940216867527308158623974300970694379331249387273364943317343516407715335090620199222329883297886728918135265769898720525722695461611028365173270692357579458161250877212816454961466831037820696572821642556483697362949512084899122808514640828099614434008502397123375052046E-33"
    ]
}