{
    "lmax": 10,
    "pythonPrec": 200,
    "sdpbPrec": 2048,
    "procsPerNode": 4,
    "bound": "135353827383376.513540516516230019635095950527027434863738637989969064990293517530484797327188125704541570297844396133650967869092100090663213070979976101778103854052922443698598319032345561554738081615696249871635854253321886603204357121588524782218128995752587625609409065754795917704966736212641519821856182392403881326213544585771033712804681901943041233832571762553781354624573068257164653778588440595393883894095585123000319126377469825752098904483092121888562099951636094855680714182260210281060414863186845802182636437375356777466826300018316655828005383878206242673084108678276939386027239480359083035519961111",
    "coefficients": [
        "1.0000000000000000000000000000000000000000000000000000000000000000000000000000000000000000000000000000000000000000000000000000000000000000000000000000000000000000000000000000000000000000000000000000000",
        "349941364285129490930921.01641999087025218311802223650529897826305781811432349966536353874300830013415360467915302873613074495481413436003183717206686808451992537753745403189373161308497764175148468684540615630202050369218656927608969160979260330639401376176195688727788386168659646742563764558895721376430012131280340479104638158740291219005022133694650152514753365077201536633834222950970997745594260612946710031104418527856248678407398908955987058423302669859727006926823323508813066000590676639516469612904293462364225003160792405556123933652817821936019816202920363109836305999734725556505015416762991839410721556",
        "-171049723592834006107.74179591305852948188894159352639753596099298905696236345436825473987195182981169408995617521017422255712660297152413164353108707365158588675916870173210841332544852811699409902166734056104163717530789853698575587045785213038159274954099406711204561945719222053757233322049513548376366969912632356018636662582845016346509024190086616888871109092618958258324614664456175435079553275572698882327467607459860251183091747145252082665001135714509253518232608768950884584303243916597153844639878776474696753711177555503362041507814015923849651400795810066366558985715989541407025914163269468982732135033",
        "-337818801392950084949568.76587471555004553108467643647853614846799129596421862265486655586260449283028003033267608656358045611482873017719175714216552999711899874663133956582168085603109884656427047790692983225948078113502787365730355896544755674125229821104232437835895278141286811443773075307866824250401447263593125248528659378172510769487430927694086858769697743623696718801550954660070500916296708880628882981470094786876392933127956149806014557861746701211673164876780257514773828482937992122410765228546011522964498485466099181313080381916783857934101154273533923696911698058589612248741121751281553132764649569",
        "-171047253287387920525.68251810025388157394668454161538338438538044305049144017035132445560128242261015775483652490860475775029031530923850179424063174722358221262524288949648417606707382661037297291723706165719005224033143378096457268385093208183292673780850863816612681450198199508451750677952548233576531389652442055497625460984905586748551007480734017326947123676815825169689310961720421153004889887869682980571058047461602986979805781541368341503507493482685434933456900982847566090801619000699401128056875074314989129011437424684672229485398531691408933656905077462591920630661783227312926084354635822939437024409",
        "376958694154519404323346.69392591083473888338629832236584318147252590729221286395711951697257830771901559838118243143345720717397269803683547146266191936031723681190638656945893941629835384400049171431879675311996936560880838666238690583654985031251690585418715921259684401386893025684294649894410829723313782870914219668693976875359130918946004437954750473274269430599332387164342578724888986029039424654109374159960720539405493266348075662347147869302517877900063494755933689825691367941064909374560368844841582605942026714337849504741114127120454012889461668800778034715536733275009652697178626497933765276866338996",
        "-171049158804264035740.04247896413523845469723984551697938851886776641645418810261744629672896512072948087966629025346072399397064348927860781590049315697497873226737704133510043053017605609342989116358900934658456781992813636893602894128599359120121086491284400673669630830062335719047770223619463072817096712891806949840285535094991563999641639759759509433252051279782201981726240839066207277678388904166996348813361596309007814438339764830114826792740568162874821053144765876988058216567339506115244599035775963559426162207199660777426831313107472866608938468095958048426326316403788531654641157772756175236046616734",
        "-399693407841341766964654.12220298830359981268452983552752874744792890852947544265573205769963045028306229463024940888255848450725788601275608715106720475305451629300801706297096852901658651254479986299674956979329186047576965215246210852689919941775777232474765193035799172210952022863628511787703038887590269142713380843708243011535751060969194610543437342340023410843789505792507985845790290793732560119028571567200794589711438598361240909389848039442636138844381661337198714404003949200405905269708255799483420056827848807432854889564222522470812122967651429490820600364395052464105006642946053317878953903177640921",
        "-171047642378234245455.16615341527517705542512622677543344444666862207380136408110488068941392591590751419528124886950328271442993369458285534520881800225842760681658743827064346600473480912957082919603045519232161538069631407787881242227030751228460697927559636109019468436632368828829182082279692964803661908005296387357727974883417088896966833157477857264543906008841353552483175340114244146732624724874173653037314528292085226989534866320856338574827256877051924220261099681384990014015157800247460664744068827659908926201044621516996692022853772774922425661088419650238468090026108790162753107300613893752410274506",
        "424925587843119152482405.15169150404918853157902835003984054518061760943818442245873103062166427230226472728469509538878836715169693231880772647455386442851161133252157767134131554486990937876593355383101391721470261621568516523795470638845203147833569394840321315691103494468956536074254066020982802387247233408282495366796564228880169721520351394748406881935831569410087046288518248027000333258310717128790830054453804905389922869545747289341387894669664638865879390912613621036316484900403493707000958862423445629563326195366196993072595138771959070619651687258425646801159236483528826600679395613334369101119226912",
        "-229974942111858843296232.58686206579666569561459365049862625867456353520432835380791317873982088409847114465129289738646878490077894438296000272230467098014928911583511996325050961881649626270511127537861032152851795078703008055770460209935819918147749927506780374866384010726639016857576547827514071630217473407354610990824144655467953344314028616194855648458426562262695180159684211538773785036050625379390140180338430016784558313279271509538279919499021468503123812800254010521073138496533318516018289606003085080536046190679041829355939710778594978857129112660270989603366359976962720280757068981352238598518478328"
    ]
}