{
    "lmax": 9,
    "pythonPrec": 200,
    "sdpbPrec": 2048,
    "procsPerNode": 4,
    "bound": "1.1540928962920960856193491532404265014033184130382142840473648464108270982146126907922522987221594974299766008174037163686941449483616499019546693236351041269150970556982433765323106373225790978346905441592582749242973920663997014737068047511014085971990672174358772709528858914140451657398047969664332734972245586842153352468702106107475353273981712863777283699355816760328187846697450265143182715357538501135182215322542955659739545909034206920536673424597534880843807422993562835105632157862734809909119254245977167092902751567175796700646430079432695916435191234382559886635618669851564045426883359257408711992668",
    "coefficients": [
        "1.0000000000000000000000000000000000000000000000000000000000000000000000000000000000000000000000000000000000000000000000000000000000000000000000000000000000000000000000000000000000000000000000000000000",
        "0.031982195388480280532273680748902895454559663726901463563404837194859594357390083359889574832453209910931390765810374307188609312105955759814719727130403528818216656660368628177765538192738680310511510238833578733788451869083660006004706690052603298440494385577436277561785868208612643912709569560455720378656800889145947616778132599645602552574855090828642266701982156279278380883335002926972476161732023469723711518751823489755824520001918169974727112250253465679150872551852703187531996891200442126486502386813178307468647779802368374118469854754578115736747827547019747225024499217120950968050760619480192445432051",
        "-2.4925704031195657801242218367302363740838806656407495355353593086010022009899177874526439751758470239931264418435795095073127914344405728054963206413491993366938619397587127809695047577707718812050135437688069709100849186986772896397072169169055488747660507155078061301661772415838816487267590930642906391730785641938673123002695307829884262920207054340534784217433571847872655338650597899923292567218769530566725123614478656326707321767911881388007047742248104108935239426682866137583734045068863674840858483851496311419078722246967375581113457061699492652298403674823931798888515983018962618648171962350757386290238E-33",
        "-0.00060580309538780372553556527372351483571256496556757788807053543323644173300530389086248093890241838935056369574159589262642079855824211551099281157268781820251434091429644191000676030578470642124934350077642165140282685287348107737702865253264773846754733863538023207497710067534612862341713967100174678219562220484614871373169767034900476658158381150145681941222491275208774566219447654581989415993465084464172018418996397522562218879653002994907534610060531566934505221640035310814209452850296926976804276402651173528017096529909174932006486961822713880734398195025327376904419137859197035399518464178874917995498591",
        "-0.00016323065020405134272499270300442880707229036745931265414635048100730572285780670268796935184603484360650032127877221660533815470103567257774119083225683978111452950478859876146774324109439494156954939461749765940934179443415372434222311250979021507047361928220945583189715419777162885190129036206722835024133095164236378547664865949879833461827690778117111199821283329556989529038053121160928974667419692799397826464308967224835237854553090995983551453056927048257776912899895642459475212383864716168243635864712985135603578099508772439296556643585759580622980609990124889717770886317952297528712953223768232681759761",
        "-0.000024172472385426769315759709951029543632166941935359356211471984967211402054304839788761808826758679652565902207418941378711736614982113774614511455323094030433305869950873620614124089907178479232572941083021929718151221659479877780859262274996578880752206880991808486414354829936247964462938151959277777992523608688387429712445634138427360719013216007463142890232081654788794476928015752712176027866982164729252513280722095638363892960369513680159190736952283030816410383711542653305862908647753633297803060930529945021271882820999426848238072264401464377229392080690737104989783170830014372679513653294967568659115224",
        "-3.2936515328430036563293685261046227927526733701702317706347757933354246354955519828512967051807981798252419711620145215899383340697134805273864308407737628491855092763136967219348317086625773139327283400630208086795112065469464768248814081613400052187905993047907152334834785973972909831259978487197683237715330632268431974898223189919843770833653933957933215347731832928730694816970672810953959765016710039639627944304838174141492138082934618670264036257153777422344630591102205326412475493947035032659498763736587879913653706589620056535013764467807391957169761946898918773108594213059291573466533136453433558108209E-34",
        "8.7506047301542132782343584052588490592184751931036833840578216837908956428826504378606897631130880087432955447052779271737078402574341977138326608649348270506088367439264496608111906701866501658815728342961582098823030746131859573754466175724426907153638168282274224889392394184203056350411535385690248720646090729901591189981155090969241401373180808329276670411761410024244310889481375959542352848989057148778563083486130142969800516598776750779334606976367962689280228637279652203738912699436192786855414892427603879673612059367883699345021011093909714521580054360240045884720041469958496043407232128428778723934235E-7",
        "-4.8502091756892622584890433115370008241539110877585617581755389154631385299996592305534573725144110997630979364535512374744533697201155398893614754959951629790549776346062328646964188077093050312265630278468086791776023790895456794705153339689218991380025290743373840134966953581320655142280844677546704910902882045312626969345050455132539821036121069255321995243602415506539699814424371174363902456664274791623814677781596204355548570731626869607399845074276058526048585914260505382739543224446495793569966802495503620669590549320347099684055459466967441928330406112544752257297717656196797513074802673541107949826818E-34",
        "-1.6512653833137192343433329853438683787883947915506264442692883840106549123524559461955343654335202686228016773979749120183484497225093841657767727867277447082952503931201330381681403842639289584501735242223947033024360584394567456361142265695049175013460705426238127454275501983314242260189764131003409935282096592094057543868007359400038493261099004252827444683328954995020519926736996138371974486372110460012130912503153349246652463664729494922738840203079754208499785341450193999705993840209462418522362042288343079962551692368813331137830952585954249856003025237846547447933859338881047745980141006824620834443309E-7"
    ]
}