{
    "lmax": 15,
    "prec": 200,
    "bound": "1.154096935118100129381408139468434024535122981455891802270357176449475734781796711530914882630865861309357468413608224171512719727348570975129471972566536129200223861710689377422782881357581724204376033383708713197130358740260791426032267422903193928774598973189717693013118051837975167568814121897584567205463",
    "coefficients": [
        "1.0000000000000000000000000000000000000000000000000000000000000000000000000000000000000000000000000000000000000000000000000000000000000000000000000000000000000000000000000000000000000000000000000000000",
        "0.0321769503925964172217661367294684200689671679714958045402967005421796095358484767611154812336252374891594476051269683794657030472294344902724790452007692382316509514080119984636178230871575197968801577284615053345564830029657208076154313826041054468883930204894982515533827084384877713595077932598917990951707",
        "-5.40430545783277107536947852242700213670921551487210915386088056453136090383080167697070330280930920783150164671051993739075044812113346503629440313134768195183483553785121897650628535759834628427197604161795437132379931202710694574827440329174261312483199185838997452589689073553778621873123658397045822398444E-34",
        "-0.000610358915654070422587720996043987289996213602901881722467119725824277608071410158758151767393649818366773226291958660621738727570653067819021417857788065278690261833126149588938461125289625186321114053711339260200701444531525321216440286686686767266617653334364409867587992289130872097201680136282893605278016",
        "-0.000172830231335108606482852417551889465438322360016143660957742708101314202036648665896669399792023598306479832078264003023689612271426881597123457603041050362823993528717660060004433719223776176079718553196352238220225140309999393236730820976296878472975235599457858400594374123189720082033200863679505494945576",
        "-0.0000276156982660746254385709472399308113670931105321875857357753456309325833654864975986573094039529507782998998882464803683646891882879770934448384404432823196039401572352705690490821127036114999072298642731536971216061905984323938207963771160962914637532917249824086616765383937642311518706141618758641085587765",
        "-7.1351359292191482981747322918858166589068791700601756285319940243539402126088175666412060153794693938754600107814123881483311197226778477162147409170881444330359278214629662762428729118502363599902958714713244493618836944130141147520689265477320223778482828390334764487971676197797774977776211184666737183819E-35",
        "0.00000133227996689188143542096049802634036291281158627604680366182399950732962991114189695135134734810358851377064016852445359167651662434057526399194657096222474598069590353501841758596496334674324478468843854533215891809574507301499961543494515403814537772059043599557734767358320997417829773721770282148937062043",
        "-1.06775917460795626318256001220058142896343317623925116107100334819867797577795189488257342360095091345361545108628379413287809723236978334168534308132134112554256811959576137516034430652341251347108556127671691516709541214991041698118555779883085186492645590807565324806015870333388190603676383178455428404289E-34",
        "-4.26052701914717240421997821191205428752388981366536892144964791100579209699793041080807962553780041351355083936189388683134765639323080768927988092201872031398753032752395264604751640799877850433185952612652849436484891712815569259457821665791366012179003546904359144264269996702870885422094004366592082532688E-7",
        "-2.87571264686124119464937827192458340303018670347966752791427982324457302132908511825101345131448284679016048491038596829671091172688727755407504216135619119288252568010441834280604202588001167472516995796782016406069436804013831574037882443272846596378143248024952924631304782695385697830567400232116448633673E-7",
        "-9.02178989106343482403049216279274605028948767756298876689203168879868978091947772041031722736275558403677473876701154000373809136808914954265038250108756151293347775245200616707599500993710169545131001524277530327241702173328316238353079670343091187492712832202003698333995106411520802884469414690852767266851E-8",
        "-3.27890711877708306127731558802231316307988800825108167505099642288972394422168595140085622787041151194631461159233918448106755249241094096098603916578718101573895471200663353987042770870454551422096903975593355762369750841399110486253332029194211125916479396360784086283844063384928062278999645574199008013076E-34",
        "9.22281009883558697857143486210904813735615702651650852871616388715387069493418456472826752412285868093145213636149331223908056555827476849632054152658631525160046553042651574394624587094865216028636912518391649226847861982259150368349932858424142719055677898674990044450880929094924860401014583822293692352924E-9",
        "-8.22874749823887305794130355869809078919182452100935279937428779969747248007222239275670449086036135939539904517079704724891767248703556809609908099623643929539924862340465420488477605296969899109927292899342077867555211599517472368098428363740843001869673950092494576999744615041271873932067069417253452979684E-34",
        "-1.86929367457135028508691973331076297557200280348301523981526657927003691883149953458476805481793149769846687302861001517970737666607003052995763417337127588987438245838173371198604422339319705462367470694081267071354362007915647413237434623324220070904118591831705034689809470993913518827843788874471989288571E-9"
    ]
}