{
    "lmax": 7,
    "prec": 200,
    "bound": "1.154029913129762154831497491585598045986532705086054487801153026239806901837928919313684726350077744973674316063082636626690490816895190582994995103861340938960012016181115777032905365329949966047446825874887057750674036806715049870878501989463016940762976149154386658246056938417677464913518203098253295005113",
    "coefficients": [
        "1.0000000000000000000000000000000000000000000000000000000000000000000000000000000000000000000000000000000000000000000000000000000000000000000000000000000000000000000000000000000000000000000000000000000",
        "0.0314492796916202667311517227223022778728149288933287377327282605239190096572655571638292516341093862765697275885639745678371685574694922288585646110204518036047512087505027161895030048572154282155105438351396594799994820456223744398238898926712438919029477400273007874391876805209183527139895574767613465225488",
        "-2.18574526931218058800361334462711991273251939241041204712619422568231466316171945867006386407373258947401016422360980234951329398247495863282177099203406612798720784770408213518334002044883579770470285798917373637369103451801640732829218185476951918841440288319565845801808283902580853575664548219111029281178E-33",
        "-0.000592805572837681304564063149432140340617789362937449236384942149361534220048595416713833861923564245092754142361674739369315246483769839868611877008458790775583073877159498675370055351658247579343831191456289888886933798656999344078296508830388375404261811319011348486863553178875454076429840837005459399389605",
        "-0.000135625326294459714848963982040097917009537777943427398457463246156512054152323153158387903789758454040720018840148648127140406296333374281605625459108672785570033440806550292584021504861487195474296541355417673526431346478289191716265661402715209006643566220847495935625393632822733716955893746139675349343602",
        "-0.0000155058890812090752855247649296231412200860034701001548236714969283429448959790165723248886752968003233613775215333068702337069474392398098448810272632703541491283979233299552886662201278844706754153365177271101406737681822336032272222827596548462821869362464624095150812023878741984948603991665761696836204874",
        "-3.01694944659231105838932951178852494416347289295784963194812489387576030351608090484300642885041880808149699751961778652817064632800024851457739364176382578606906432552732244596909352769128120390759338979231702918106131485404198080903167620868700625729068623110368623849782178506687622179807177532037920293474E-34",
        "-1.79609913378977419898402596544263230690175165078458923498543397961663012433046599697247452536624922829472867068204638537780635227944825943900935894418306610657413522685249973367999951432726663324966539320708412578650224983143217127417256583575810684316134994993035363363239830723962338195247941356033316135448E-33"
    ]
}