{
    "lmax": 20,
    "prec": 200,
    "bound": "1.154096942831207375338156952461497958626825406537320838432638720627176395869648608318067693027475562463450197624697205626558423531738791370777586495283063231148279822760129558721519719691202853047441315775740220439423653752875639585009944225970458803512269356098554203996656548748455282141602145003448991261352",
    "coefficients": [
        "1.0000000000000000000000000000000000000000000000000000000000000000000000000000000000000000000000000000000000000000000000000000000000000000000000000000000000000000000000000000000000000000000000000000000",
        "0.0321858468176283890301555714382743408215338361294901544401527050153877857690937440192715442490295356397931405014551493329139776195197920451080295123997908722142582929341858440841981704580641609816422859775047968904261199251768790680146904739926426480543059020964870187890084258452242457235518287522901422339449",
        "-1.15066244636539447877610481747147934411613861390779350306111579606992767314198508187267161871747823307595820510685348922605927081729682715443882977198987638982242211751422312108668744611663611665585694048680559108759030509171955950208033612081890993602458646971242553354848037205748729108477793554054634200716E-33",
        "-0.000610561743062382627583701567325229448080758697900309016675340455479605264966387618947724173768348906243524799048137584187958304585418516805732922904389777366884603006704629188344855088723156548304820027141062294020047948385615957990549649697602064940131921942810507323266020466513550076367485211081117698490741",
        "-0.000173263264424413531459214679643864376787902321178787311389015519316485210853173496271889682877822752335282750504001365762522301984384430016413876676756333951516507093981768048554629677833911900359169486769567329533918807855492841099110232570256163159273003506182441596647042491850874311971244633828670924807884",
        "-0.0000277752017500947031982911861204592223845952315695836718282620663537539815894508153784460692954560858765198803491564548585385753291186978845814063298825798180546378494645190252257008530070529028104620136280942181627573533907247704891817816475922107346281598209140345448082385992881083889238912650133380150754994",
        "-1.51918204755917043245654755994380030448342118419624089038715781365923252086121659698374079434852166102394406544231738891838173491915926104861072565391144359262760468425365306721805534870466319787431705531149474915812126299850900434842252855607166956314275650950230417682931397624771445511485269836217661227776E-34",
        "0.0000013545355067011316604450540151409760118965617057035313186379426662357183189392998303772201192869988465716699980863103343354254648499333186508414368547283866853985721235740638494817219096955169930422579913151328356287314064266694589222979705593130623531219939991046555744792707215520198198845729161934811881757",
        "-2.27345414445862857719994583492872361640151541448621294300443970793162580395846399149386756321677892721739127231487703448184559856389061309782087160758004526406857681882501303163889311772919512026710724276282566667142141688654787276403559625522194890723405791703892830977966124167164678503734297304875995579314E-34",
        "-4.4108067242459638040165711902801405539633863863551928670848292665342556350168784522118825155203347297842066454200290610399030673780480424901925239275161793887575453835505278767595836692814744385013389707675953194252714920831987778100018297990241667325990926797619742183027371194259859561996587503374259954021E-7",
        "-3.03342488645170809818738566096377635942139563658197285459579819780547674751839980793474054027100999372940220181660954253255041606081135844131729121388644014484458218565446767494808906510432385557755025172289363274555588133650212089888099094503411232030270109553936880470035831597896846859452374949625382035177E-7",
        "-9.78578201564455313920649542625340702907292043574194530957693788249564412348384863459636971931125086860579561898277023185959231031751159436517014046667007806277279153979156454212512848596164172854205065445994329981578473060202183674772830650579225441423133652426940889178148056061527722518773111376064132281562E-8",
        "-6.9754729993672703228134687045591438039544857359773653043574894243341032803503942871864802979003056307811504845862266395766336804729314582516932058038171595096412256490483288736506157204464421591699993423856877381222382807131886911912983221198396824905110720943136211731174212145159658093762466136863211947917E-34",
        "1.18233538849018899053126214269576491982639104296834629220331055739259313262448935986146482731008685048813613573412569100196928825365972363104685735554543790453977086716990906794481817882965201365613178065002019487228775172123156986570452768519507887333209323845608798713993503035476512838150437985307427465237E-8",
        "-1.77525916020905023498936322694934619736077924277912023785487819790062456384637877976542378518794387551262010593568867460328326953430039507622601772825640712336452341738767170300867982311167486919801941738487151918602557115091910805230163549468519276208156867912949145501340396418733241927782890075311557797288E-33",
        "-3.68664649535935822646550616432972736935850122879650206298264363574503159878329062487051248032119696156997065951111460012692027989956770050998862960061657362952146732345022188641013935401096216055705619866963820077512717839936166417293045005150339388591133117171188286648516726682174152835650574180300760907101E-9",
        "-1.5701834633647216846751957319282579161780098982851717317023825056294901417541474840030474336086156546839645661616157640109883551657658846560919798149120584865538184908615590112264780937079948803502801675913729798449590470178591755235756787013306716107124191868590808889460193869506201980569996541764554994642E-33",
        "1.73494215571720278196145732160274788167013467737027672828266728503367325609857535004351439551286804343184814616053426429725672645590228587512660381271157806921261029143735136744084351314458419337906524770193341287666914436533703589681907242873664454375781473653000888143755780854104894249097998770970073950267E-9",
        "-2.77842873839478546315467576058863394494486768859419659853807886428015277370960077975571307009401790525347026901475969650519820984018161828473625118366923567166754338938659032427676144101460439845127272131693643836974217476399182816112992784102623579674409146888864527395482266924182005903163707909134476719419E-32",
        "-1.77192794971845025729922636290156927986941815300879561325486966067450648705038507209873080018496242279288259101309522890616891242971970119557862971207261683507557605599130107099896943508574306198056331980409807903522805441550325493786025391046582765813256067228144526975782648523080072318500509758703140409886E-9",
        "1.04994249490435199455881093314416350908006816472061507032810762244364743599954921316956398230573481503275583024521421616090156837507015741679821846875834631770662045062519611920064137895322386705809233554320052616111456551232453007877947634122628052379053936575020195849045680531604656270757735852487578327238E-31"
    ]
}