{
    "lmax": 28,
    "prec": 200,
    "bound": "1.154096944292807275137317238762163740633712376806879867704001406569726765887639933491073236768080191918386717582981084552226838848900020923317405273968844857654823766726577203906766137581968835225144547749404572581399023680667044550598831144412468471088683256845550659132956597331888086904156314347417241217634",
    "coefficients": [
        "1.0000000000000000000000000000000000000000000000000000000000000000000000000000000000000000000000000000000000000000000000000000000000000000000000000000000000000000000000000000000000000000000000000000000",
        "0.0321879718184610593708690170381467059482124626647854332594294522540116872320933907733834491283523121046465036055779074023580451842136089071890356472499561407679647997585261578773146790450043350180221030764157834006939746316192682607115651835114953403696173967854293130624752094286530333445413947008015256513987",
        "-8.54894152429067109533656556435443958745776731675449891995106165081111434362658728044473726315145990949850468655428101875443321018093841745540094786970295548111782015430507753188853357466543456680010516037453248244846022710611906558091915625579555162878476472230649400266276894488399505168324703206203935646349E-34",
        "-0.000610610239179632522419733549201665215305475553111711225843188787860961125146783881383797453631455178121021208795454237964887637914310445209476369334102874525260098009998445409312540816133524306647599469369126321446875129311250760164687602648644219815853757431824710265216914694138927160874255049674919515929989",
        "-0.000173366623724739880588185074073719641226008753757612925009695011326470289515951896712552406218052025454334019689271141462379660896902860353808316695655791416218729317359496985885644633372690598630950636513399870282634460772487831295155190382189072766577489820717002560264849015924995943239552570787687308815102",
        "-0.0000278133004986734201314495548088569895700315860685872930917783068110321833934952505977393146867459311508685931993667516019524871926717847751792373264262428544982389433550698364466893102105605620074924344762739488963582815101077355455064839354801985502615863368949401910672490476960465766234326356575638202475795",
        "-1.12868859429508353804633517551661709138304206104332657676205741809344072676675790443683968659822272525114838124024879591365371379652454588706337709334864573984589947581272570489265686259456175489148493068590205623752559744568090544074713941585466743911356251120682672923380751930669645629205678804880362087181E-34",
        "0.00000135986662555209355911473748057048745151792984339208224034309683118736357481050723796806653390755108966278376439602384092078177116280443617514645860816008390183085041876257005270142670575936396598848249267900015070852888504934581675605942483805628496116666284669920430839571722199986874593851701057231777375987",
        "-1.68908475896263391420982465111031871492099332460412741432756746216868961279135703880231919342421775174061931552899953938958596961347812566238578837303621750286773318884947632418767951510401282096935266576082309474160622591192619432155417828944466592899930515706468158050479067400525024677519420232703063672895E-34",
        "-4.44675802750396896228557820659849975787441792798761672598425948930367648432491048026657609643100765472133837083284155310377896814102713190357053308049734631188692280616469159017894844537085538168176248994596741220311127363785616293734132268269789339388026550615888903376460237834649214414276693681002558396609E-7",
        "-3.07141179190025894798561349705377972132462286480511075099523573482766974407577564985590283669951498932009870523745039900244977900197241619080790863722176987595448523914760699560223169017984782106952930899475644072145423583324700092528799455465664764295194718185160917114549568340502165685704046247541284609599E-7",
        "-9.97090653049837703709501535033635261875834593522567950114529499106568084523136863632641067089280297433477056770814608416077018392093079880359443770884855209804408219627587391897704981379411707754155233682492800530173525297677373466417843335609571512867629526421341356394887280724617642364841880430719878759277E-8",
        "-5.18187314729086167968044870563546967635704169025386060575297753758720354295773476179669664741614847507004673161729761366357946206554465946893076147633210085821899392462572688122982514727369682188530831538860024999925697317202066749955448209647882049749262074902130872276238834370944881094504929415266678522148E-34",
        "1.24232039230475236357173942595518455168972784555438833710514705544707295238056179701248737370003879020405933565008533066474382845310274931023874892950019836361334643290785455363024094102793704114972014859562713396444613348351754341084863324842708412337037357296860975737984178771625086067495162860621510578789E-8",
        "-1.32077516493012240552382743226107687016793076930905831298781088090340520052304024345998274591123803572210651450822366091381016302852494889955247459599725323752542047650874398604395979244173455960502864816761144670442395016925748619907922821240061684707282568324406482120264858170989575869208987384464024890622E-33",
        "-4.15369646636428750488816317894771271444449395910407823279732961844785914050180591985159688813442973899844367849653249358983383426095082471682389791343105025668634089302695686084805361344158568847091172221352616965496845821489561034113978262163781340794825572693907834521745807192426779284652477844657726963775E-9",
        "-1.1628866339429099435168795191115353192081901438521219116886925402295555645845226858098986127544757005614676826409155546446316688383343139252322728787004416806668172613526578329897471256916578522528532742537458372601925189876896668769486829372179299041829874977766416965333735967573715500316052817333003481085E-33",
        "2.30678570918244573575720072281387204447573634330802746668790822076225093541354278183337388725041404801775954730186457003072210637911302562595274645353611484726853063917503493422687342035051244775666061843727038366125479190860723113379323287919763722448583002484780443057217699577304591929358753600053971465266E-9",
        "-2.32030441861095916406878248346596765158964075916275202557113361747112898823503608833918767034870009689260266699983137685261072887642558760966877604173343601560387775118197079402389688707727728945904358901935914014710323591101516279184828094017217662233357344310184850099834265447596374388580798837231914307424E-32",
        "-2.00811479910982387504720258135132969195685249840609552511948909996375454632573904087176783328993039858900278470747360318167516968564387795330090560830044812952195340880974920909427376368145524340600208579769617387352718958094274772118855757299322843871160497663794948617436792823605507977144040554292567823011E-9",
        "-3.71145230404981619880813649137629208630974828475829081617717876491353069166223539501148236218196017479887271190809005958814983689786142742531449918827259657899264304356148016243385340576950902123792878058663759994023761945762245112808968748529021160730747283789569792066991980988834590729983443439417286156127E-29",
        "2.63247438161924203554547158591628564761994765274593797581441443494561001754632700767644965034834948844731678846653622840773555728513760604930789136246959228800316958555896614284130657811377190173993438890766231475289956305220414888238493602959804579754352526836060986976833748415374776998706559331928616221083E-9",
        "-6.83890728797962759790923597177555103263905925015370107543354486503414502715933732173607651676562206647880305815654329235552995554103873514619720419318192360568455450043156205016466957351962343852758447435832415598235476343809063550679964740530955299342605156405693721463892892033416837614894170361630197924262E-32",
