{
    "lmax": 21,
    "prec": 200,
    "bound": "1.154096944249807740397329422291397581071630530179627641879520463472394907799321794201573722718812626566930746170581077077762678123688814315192473591499969068403899403928321877737231179927652706638735791926875720339295777212715149575019589971460306003342087449886425423909057643022563749186500434284266522987967",
    "coefficients": [
        "1.0000000000000000000000000000000000000000000000000000000000000000000000000000000000000000000000000000000000000000000000000000000000000000000000000000000000000000000000000000000000000000000000000000000",
        "0.0321906923800718080977701080565895608773223024589941597628059971737154566817507938332960700161137272159279949668265464014192137546475446539180190633380445617745832102583285324935189201872784814826310137793565026667813751967639531800448730907437427598289744807942273270268819762823970416160344556110341654353919",
        "-1.22518120763657649354096917707899644567364679648838624639812048828921886936652585474555865537692253593726310289881787197430720704548515361230886688637817481754143417961647319424642067137888506752701559652031977791768346842409327102717844703285798709240930532347213666085772563904298479649351963486489941696829E-33",
        "-0.000610672193145699713257315452215025450089796275420408080219030430647588993524705649063721264260642894864349054027203054533322768811583631232792032537176255153204283407035816035903394459771132002516922283219974450511899233788480809213996921245466180595457223419486238384475012571886925282981205430865330486997494",
        "-0.000173499279037070512010273120258673368577351761852123750520825965176318963207649455823010032649008412476069203985021015702512751304059993962116955362433692363441687509343660323763749751477932867326242198732891046147544102790980494377007227361849337149474053962680292689798887147336549545243926455767178338771416",
        "-0.000027862006038270595197179587792139224278156224012467868609137675825003577628811623891034223801845645251627300319622616143130873188003475158815750609027541719059408659147181433248515093689685891295044997789451644062678987642848923795239024356326345102015552873815190670057530624575150740921611507470259441154158",
        "-1.617566414607544854705046538291605804521403930384185348751409596153114284140286021005388468805483868031235105626746113932524667021420253444279373566200017736477368948784964690617301516782200976086886429627073039050365261774721483885759327080221653233528772708926554975592927550007266687577745822795336988541E-34",
        "0.00000136661928269374598482361371166411417472176608755031145262632583102478378744202967365175328733514690736455474796093969141461751666473100563854043972772052242925329089594851348536900360235421210514004158843302511826333269851545217287455065877660315593550822079168771147929678584360281560708407074115169860268368",
        "-2.42069131047477346358317507180228728699128192435268097410543967891320947912941149613125700562152054562696329718737978963370223357451011665665185135437946328039923402417929387126807701631620293066689069781394716003251448989566843794642418498725250797710381031225834624115458729483713488661268820373742227094722E-34",
        "-4.49204778202156513726041082346952965186025689308648035572477044199986861882696369298549084619710810337920905117535157928774046330423534921879325809650549559346438878686962624415624486696988973967028278392247454020441895771961900354905136718980443707992575309355282735042370651763829898980363115688295012327199E-7",
        "-3.11825341935467620293914394610604203451435094400860454392772002377079915551431887454077649167180654077846629432739579667382934237675911095318609044922977666533975362965868216292936982624162872688339329666325590135669335990516425783710579904031630933550898908151831984669293672500070546790936127806318168706112E-7",
        "-1.02001172655129962398455746560435037634318028896889141657025585969501955118237278097575497300528446683033592170532917231933926116989958102347033906029181436853132638705720964791817873668338529144686540181221378653210633584341001853399084352993041468309765653529763473645217071465675295223015394549903438334475E-7",
        "-7.4263622015031417591546155119109279134315154701263370582464631340935311163339083392685836439923867546506710302858851885083835084402500176157233232252599697431386416627781739708586161164651951432479231319469229868370233876302736035670251066937206790244382695361711396315567140942686634476452700705313405467981E-34",
        "1.30868442380509377545186163659092373929451556817796943246630729445673946213916350262052375695759378389491802638562482358205539467361662224486974378971450317936728696806666722876847335851965495706167465822343516053802686444944295040712994367864629383186570452178529787646820777753698325608984824444042984054766E-8",
        "-1.89278988022252173611010813266476905821166076323660656137885870783752752145727449830716345744520486507241489081512951082516452922417666312690749654074283806306429720197629961987881997003965443574418692497196387520352923485062134428872403922399649623706825668041743492255659412506751942428295102509720131859091E-33",
        "-4.67546848363675934758025625520446470657297202852755227723094043079941422275139156539584947745845404418143198919923928068878210259034108073760629153604186473814687645347887657678583229015992466699561219975789776045633646026010927768279263658909843080945460121934142552812830435358755322774755861118107612168059E-9",
        "-1.66668283033070469915734500380130448159898011526235824158881827207138809092718127275215130872643901943789450210884390836450255882832203435942466276617256975241281141496261670060853104824047425251601921029775953331902071706295327712538870917151153010230217648053711311068373611855816884371214584718698054850828E-33",
        "3.06437586800291535506074670189766419158062412637730347186409840087406480567130516533734925548451402897269566839364335995881284202761232044501241160882392486546668598907491669426104145554113195396696479005516465834646840920774493727663115714905040005644229718677068477764064996443885252490697412664649428164562E-9",
        "-3.31990868586435854963267700618254387282295188165988667468218517882442067427998144977895119311555638445740763302582106641841743554173283276467669707053168023412880512128430583174093320575030410266155938843660787127820802328074233201442538223394952019420350064411355862033042180893308261045951163119831276275606E-32",
        "-4.85136515872801527903315739286190321869126896732885837659237746965888503897245887576441210737290906492926589610401601374180058426945123982763506524574981367148963591018376653727125451643344768450974976339730490297181449263794919693330520077463936739444352039110153232805967976963111892836688916695307591133374E-9",
        "-5.70291511255693649621082435314256876851585028777442444749667196864175731028618206678561566534518868891900466962813341606434396614359069239780993947863011281710966462359433626304317796186330507112273776656587811264273568010260183861628454488424451810489696643268177080662836411439518258529167365596193663976572E-9",
        "-2.62410818794457551158970234560175394424575922392124858233964622092492581395747327258667002592181918745363089964631942234397067904785939795892599629938982359770273680995139364929216608717570038374133542866207123990080448893123552896144456509846577716213759002608399171135948516572366242399657007479593485864445E-9"
    ]
}