{
    "lmax": 27,
    "prec": 200,
    "bound": "1.154096944292498825042804741637186580599503979971271864733831959460681361464761056231536627937688691530253217323035635373387918430293797724946625608878168833861092895340828821455145348198362973820717722730327681335200904895070963841192873786187778360111949781751848330271440798581983055790290471947539891535901",
    "coefficients": [
        "1.0000000000000000000000000000000000000000000000000000000000000000000000000000000000000000000000000000000000000000000000000000000000000000000000000000000000000000000000000000000000000000000000000000000",
        "0.0321879344799968874180959468638042284232815401154855229139737740347307231984994869413996729916681331342605902563046676667300892268494155204352260123337963671453958143753078355962647147372528049628628120972683516961837119045085915423388717429889049459631041064259633643578497242053950212265878422431568126798878",
        "-7.75255678780919304819122562075914345368638682409365449044244050023755267260405350427150158346818199714243695544955109337895724323202146123892119729782581842791364481588161026005266326279885335798368941141112481418670827675175579385582720410059272379399396618149282286188511793535031093755322817884860734908506E-34",
        "-0.000610609387202091071155664882616800730404233333632619468044960026057762286276407547102387621035814201902113411039753708928775083874717144153498442916592972265154831765455506360367930777929835145453389657116442508415217910696106534441571314299602806631671394512155598714718988493183643710117721650447109273359353",
        "-0.00017336481047253601678871863425423469499805799286598661486256603507325038097043951233128622821344968685453954748318859814446777777954851789043776266290443221147957832554544713620699902650734436130550327333390491778939354269339413906534015312655506870568052356660491726832678541288808515723980671897227568250609",
        "-0.0000278126308134458294293087392918746004942528057299379996213997879575460579804769147631137281352902064032200759372649049501568934918748136577078690827634759587774998284685154105996460569666681097133234198742989706599598949667662713038863073782379264112997555809005922092744533349457418054752580662649941002478353",
        "-1.02354458625801165208839447855181915980173305673492103177317795183995879332977978424654573846484123626395067923663479115650327492519589852084969657675453367363280819473354872076079378256898150496876367042196301972986798238934580217649811986013271912935267101257141662678676015951847708545462602943584827819408E-34",
        "0.00000135977229468691992288128908925879163313899330891057982753902710537891738441178585744541565086384643115030194788268287686906063924139284503352522074331603092198866413515521174913596833523326706027782612742112989442902144184744854757009134048647164472704749767813599089510133277685194211245046720741863633264487",
        "-1.53173641910882821136939262185306281415853947901321242644684316718652466666474800021473599060617884677797253782387874125659712826536877466453674622864455334316015468662161036135575757110171779551001223114102438143565903525812857779722706673356272729350842261775287476079377601847795706575744388117510150806808E-34",
        "-4.44612199244137025604311534596712946456843383897853982277726770993267483086766300457624813990218320952469214800273451288090322095859797276283065150486011997321116170250070790561583551307333428147311911215245643017670239014909204860588680077035291459853658597121673575158620405350738446906758121568180761025468E-7",
        "-3.07073108530952726380295804488835977763479096120995535967815149315234976926716272042384447849061244855299956521413420101175752129983490731657351020416977309714871132590047027158614976813426432277982744665199074024766338504620930957075706728492366542339037386556963470964194158652877435849561400149257235611595E-7",
        "-9.96754827716013354386591737005048133591423123719281925561491044538173056894375149407777721198623572493006491622241951504241685133521048036897945897277869485533426272554867678908237936714275061142644373032410026057315562870626321397414686895402686243293914814645410534465263822010004009375125959007211542497469E-8",
        "-4.69915189818168086782199659532850984069481039096410776834006645143233977303879910820666286786937685802465203463203052854853112489765840510938516421937143085127263365753908125047745880937012709478235206674158532065683695519354356943752606573569595482639779741707789902953278115109084263578096066466379570884286E-34",
        "1.24125553637828959246168069784854643401991538026817032666421998307719391459175704629989330424911016405151513282099480114226058279228652924305770112713796413824763210967127961396298492623073323247953292173078690078284056985090101875478347313179734211205160653325613159101029675258017665974086577405554620351371E-8",
        "-1.19773657140034751514533090361870403928165838048560311499666002836037477304992335217435000010246856464920182741669811632837877467947305901175781648089033466580288067536625671026233458619574073305435961620874641306418112427356945955088289669357623497737528866075175347501506243922441999668745767743395869629729E-33",
        "-4.14561049425327932194165510595036382846145614470325480988802102515101428181594180853369606733237118462708481794830262410018804863530179951820251108579824481280086014782183408084877035088041454636533531539336890656707909972725270993617420846657350973082687320544952964710919120884730105354212402479689152294937E-9",
        "-1.05455769280197596765217917906911129886940121247196538064037188172346652083276494019418871865632999839905851443561760479802226952998835889223852772616872201915340792383970430401167896981369085379618301639554462500212224864034628719153276425404614987810814862991756802286485003574534101250728899329808234954828E-33",
        "2.29519832399989646027102089815314742614267846120802548041410578330189472436767804270153335998971011908460044696935367290461807965431405024426157406604140178717173826998505744951019686650029410477968295671993270701090217612543405757408111489651841649437279259692793640537437445785633749362162315851040242059013E-9",
        "-2.10412204924750248654836654522543059949539922369984571885896593519439247408885340170231657886725667403847522030744864984712623350909962693177486833987348729328701220780196277116316710817475765823781335856430308326936215109625832955839744029631557989248506224008026844600908299817481145829482509914510581821242E-32",
        "-1.9952754307192772528214763075414851310181508372577524173854031359249899953608405983739178437024691861676274048766422426767007811555310458573697621957095142749559895245874730586670812593800873428989458362743609191040360608936076655263052654413274664255405963266894091817127922124354147070544218462585678665131E-9",
        "-3.45621497818693583342125184307672984319161236050092348056436705558611505546380054095787061622146723900062438825157674515627171005172025803301709981970640999144425113040631233134171369501902586226225074479089017138586481249567277820477460406336877492381076547866409062897288824514989571447273590371714803929832E-29",
        "2.59241265478646156269705875111779479993036294068748956510485562037704838508221505201480290803347675589241146429383692538837847690262357648719630891192849747153610569340607074559563867825729929085920723999933314512603960710577814650706557916045682921172109286809268319504610810243063769200945359505592547416906E-9",
        "-6.20160845213299354318623956241613552730019797930305644759088043748224671489366117065828532741022673002378099574181043966961659662139670403006333379857546864032646296794097083059282900059667834342100023204725739386292688476501313289982212670788229767469088105666776727591842931058933478456061952649382327289799E-32",
