{
    "lmax": 26,
    "prec": 200,
    "bound": "1.154096945311196300788404076598728861500695937151722420172991059378783724128745925217785820622997626115142660795267412435323353540201641983002401945584816114995617375616828633085768647378805676536299626526384554074794166392060311121510980395080753202821412305478043500419334436080878931810770462059970289743543",
    "coefficients": [
        "1.0000000000000000000000000000000000000000000000000000000000000000000000000000000000000000000000000000000000000000000000000000000000000000000000000000000000000000000000000000000000000000000000000000000",
        "0.0321888665570694876690556840095433558011710392369773625405945870741840630195414500446984776752985281770447952174726560046742546294326939350918909748945746866862021400237147942899267811542199208369706830242073605102927081390594958942407268007866090878707042964146646683999148644885715973471230503862089319508678",
        "-8.55880351566029552846019793018744793495844188700656602757173451158431031503917510449459570841928990588571029445679567268861676361903004833259805728067199276792631045628667275045200211241202179552277101994896920521455989272924515035821913038813539631917128503278125743044257163975392499027176218183211228173359E-34",
        "-0.000610630646255164997479662995850003616802312807348603317313751404258179622240389971065304953485885876289707444548516294879079290570254712693515144292297974878443338254206779098954501073177846427467950027025823915880986844435619080445322977045025315603312322498444196071135295872853657914934277499704941550399497",
        "-0.000173410256976063451353668362776669718940223761358226789017620377189825784090251938888441473409545628806342306114404038363810749279332864692446678000243985732885952195108361378774682813865933185896976063102712248285060701461280806918725811530550324497295013301423945890147856871251948984491207120951211317182941",
        "-0.0000278293331782673748287169150717640176549174878211982199710461901325357858700290571601064619472654753759091504710231550221130093769714397781740243413582381235763383757300043703735941859212234392647389989134371402987006485929296812948150737506439443217859513292478370004680159278438567691163400095000782446151791",
        "-1.12999048811466420419240146829063204169049293684818252187615477569571796886979479365530059612936170082090122085381418496187465770913502828886670408813387287915850459741190172009044405497880725278015417453096114156525196690499151415740682022635724218326624926787414810266386733860314124431349898293264571837236E-34",
        "0.00000136208500800599751525795455286766485054825402472459087956799279973961097934085140214679766412074136894126828628410339873523163462182978051785546006239209890184903051754242057646384244248155821625034255511012285400285292047717743665202095367356494741934357768122525376257394156487230244551417226707116221888318",
        "-1.69103552760734849499106224730208340749401200838824039160931244062930981578269003150068746004865320550446489674240355107947293870946585038082727104369183654852196675862201110755622728790107114907212476533815776048495550103826107173539402118907173940937324362488723344084516226595871756313982738090738122867379E-34",
        "-4.46165837483049217142367096226992129353231730423462726021347726210759832426641518751288571057451920144403282931624388826423471148249116839033900270916524640790642141987096522487364962753050459184290319078800031754208253129286157238909793250073687710978290394613180791607204112498625218154718384344527501999121E-7",
        "-3.08688988278393133732246051984220190411799915684712829875752298609471132399701256029753593206837654404905529779625837229990707254652168214558517447577837343064617943833705194919974475036437484844336660091015580347798882797077858863861862575384506869490486772370994693554487403937439749154386192197445392688525E-7",
        "-1.00447975518171998209741050987905144590716996696573661050579017469892177440233804567936004968912015619266575106418177772180836990197423563534086220615502621771440778139595655716290732906145726307359007022370029484254601921255225407355188046567387955502867488290046668741448161264782314365009777697583161690611E-7",
        "-5.18747104634498077658896234159028895230079670582532772963769779791548254222057740346889405123659719247593338150185541834478447957709028411384844208561693456535702464355600769681573207125818765867886761283528086125503027845035506548064075062910021891315791154371133285777286463674714209004056551276183067126262E-34",
        "1.26543857126863814766455442258901943727048852474899194488813031633615185480096059128477322441788371254854127247405550428022900398005499946095598437216474927001353646460876932197764197555950565171232797759081456114285678993129004321353478394579233574541909457281155168838600500805432669206136719375880210245438E-8",
        "-1.32334511150160478410868714865260572350319031596262415756886943545706589055390676941125562396070536069715080417491702797562217711100679368107193224737736827691767777840858576141186327558795310956418876085020552542964432563188678115784809429628191589681371650905015247552479988691304592803693092813165408658376E-33",
        "-4.35361302392353231460504183527435813291204613475244058960554533894747860136970935179348700581842453913032022852768864748056560610001988160672470989631335047480891678200692726892254423316216560714746808713776166602763047969858584227508376181963871712062573675896559626105777350152179558810794244927822978561013E-9",
        "-1.16242533611859536805972869062830738473623210839693040895406087633509387161808072665564304054354428250109857344883816280798613119933530886179325920312388940476575170840276906562912697681377513920705890683682639329673461812936957323781928685947414107323321927269762119885112617866456479948905479919287085617204E-33",
        "2.52477494393095032084589283400734093945970950942690124698015413645480153284019535737271763443689815240029161340887249561406429299219958802748180644522717265093835996070522749093087553126677270535478351184306681518149813828345680490424237742917450524747352608873773669375027919967274500785678884530921147525744E-9",
        "-2.43292469316570814482577282061426030895662519785325177738482195399561092284782040296289473589876689210961198849686112204445000254793706337754081661277912341224926766003990586141831031691532471725336900727426321901379412606090084453000746360474104281494273516189820273112639740467493982185607972694557415364949E-32",
        "-2.48941673398615171210508412702284974286417373257175777448844170769990346417811225727607730199081268004263252544439737868032460795571442746511877819268382469742390847481268005211233564066867260029724623295024860173139766519671077275119522039102251691517422854173362878456533363832906706082311312393062423158737E-9",
        "-4.8286214539643752865999752649471513783527252365822800167630895243940317832037742568577109032700535040956768230164862879893563849976924931349715877305786894365267824410523154751985084850883978997015145453618911702658924199497976767042979218919369854116860854226113857663947465060045577397252751066053187527999E-31",
        "2.11171970265270329736074909426437813337933279165838232973174085051951058867429308138217519445618683302338489789518774536547959466319318587643288687759271320770779311927670133209199392994953756299207829578309180767895833862929893961276733837294578746146693042981842320652717602885292494704072790029710624559483E-9",
        "-7.71119040919006872130570917194165770085472277272806045825878102946859038879670829396671949336961640995709175658742788582934922698299073857843549589353002951542444036145283021832642449332968233382238222425315286490394129056025105244516286729128909091511842992344915102966158170140024682954233695000144158973129E-32",
