{
    "lmax": 16,
    "prec": 200,
    "bound": "1.157161019304314370591076622749580956077340462220934623655967854536360547823908666151471158851360435068528537266958998206006036946736063548857902318304540934162773050014293563899405170106683440089462220819344434069554652060925475826183473028074427688076314379633530833223834063180262296495807039043005387322157",
    "coefficients": [
        "1.0000000000000000000000000000000000000000000000000000000000000000000000000000000000000000000000000000000000000000000000000000000000000000000000000000000000000000000000000000000000000000000000000000000",
        "0.0308383492367932033223631032428594056581969413339925750562540060752270126177955951572647898229781558470747185139510395583436464506556371553403132528634737430483421062443196120630799321828961388096303911634583582118593618307742932251810760611121459466973901865647327698125656916448177176677816746511512819456093",
        "-7.72157168296220143214883682236716098897624620500966491659167738723018267106451035733389017760619260717841745047312250990480757371695110870105756152437694618557396696913798072942739323831674225429776646362586228498119669247861120909445232369170535733249358176212563556373058751048735661836918954521845532921224E-34",
        "-0.000539427934956398978725555916115090906076811465040407524823485158672951260335525241685537714523412423006212867840372772421249233519389809723971277232858411214183846711765848444302293704896101927222844584958934721856032160338543969238503649813129005711251542729538046682016740170104850143896057255634938696766225",
        "-4.03453366175070723177523905938598113251035930349368364335821616738024002286774461544766187106951382524809175124805040643957005261054907564993865035956960607099014719606146232964656799276454481909328072504712961368322758686506006950300823323087156777554656390869394431793565891994725727545190086242768600802789E-33",
        "0.0000193548230171270600649762118051509664642235378878615194528552338079801508642470491335770408732079291707242093335340845457372678543691184480258071676310746034222278610941689531830366267089827004099149514346040874799648861734751430759024106624465793806732892143413092505138342204254701274226678747864131746181228",
        "-1.09384890950733027971461571436916311708782536795168139873979933459256375695208691742597354624005103694555932138521465162684114848024639069157849923175911560812957466659375135716856142646081656166402192717307636799187680542679426363469820600129829189533309822898937721178478954240081743684406731914157770236052E-34",
        "-0.0000146619157011338431641267783115038485079541255279476869835982696238942576610528270973858661022267403587954556504549190684023369133279121971779863095486110950671603445957698866241777538198843136034848110164099941037678230758848393793267834173555845220004113849471042714122403490613166940097615362121410337307005",
        "-1.42767736156393365761178795557497407868957790453904465026671425629243439501780331362450304794617155807907334594164548863965942154863781131192539953902373735079055357558873452005731133596208989932673526762141272077626745823552851591337585822026092433435551132897374763379017359112846940282556746322832718983557E-34",
        "-0.0000407168305007333043829303582605710689752974868232477027315923719801594450287465899343385144356002494460327797010575595295126265046048034146217015698943792809217843685581949934595438221884131507849091454892567706601607567921546568576650478255744026363923125443586185817095562002382834381506386867627112732453704",
        "-2.28552755427264780020426053065256605337671834942384334172576812738673411433700715263807198190130065643475992844497473726763432245361511051545253969098303286596197770447433373074393386215650596510448599853644776376500770782902983522456458942879886415369787456550945170676631437463455069725990737204117705487447E-33",
        "-0.000128829719418873863097798190138617660744404846348818710827926438402712498740857605741917036158350293398735064821582117424300187553733110458592428375357825536533270213773083618124318123422017348975311790260556477447597699505171775251160370517836421348133420272058847310143132886372772242264518786305297246216002",
        "-5.83498098040416880618095927657259446828613796364468819571835106043415250566878401155317699561030806189142706556736029739202962160922281546333497623542983093119629332258791075646644829484401747845941467326103896239950973314289626724883451811437333548247852976501048384201345266451630564003917345109171992909415E-34",
        "-0.0000209565593944139516588229113258846133207753544323990015698619348998559645295187066470722770601212624037576725418631869656678746549004338747804205372569427647156254979280126923088637161383943937119143994329751102966010776573417001922689395511350385092938206566284929352791453998147732622932392036811950788304157",
        "-5.83405282129567427061723993684170353611111776753487159327410278344819709479580724569548743486872899801081706827252128208659327592237586803372287125823079977655207046284722781754872454679284314486377428686263855657657787993426697186421791695565249429602162028424336368320780230340394454926899882785530686472971E-34",
        "0.000184678920898923310321555577140567515423885086874824684781281045190979806960795695940104818400981209289712292581067223499566147061398217879052425070924883489418714090946184360688923242825089295332897485115750526325695665546649112708227386621402791881355346905812482562842470585585927433501705359246949813276384",
        "0.000579493681614890726270909977593808163493330334205507409724848826975986964527433843434810690539129329602365796822347931753342331233786715346563673278217904910219801106734896796683961979197739228163602138332469928609884208611132528674578729719864322785775562317234922884975749610972381863254186493752517649025923"
    ]
}