{
    "lmax": 30,
    "prec": 200,
    "bound": "1.154097398191273853997143225225997026387553591323115861243172344923784565716388975336181040237763758385594856310141488730316764455700154738207895130387645196860926927076616911436195686699454412663892210196667426800874798022638563482137577043470085350050498188288685258453963791613949433836404576465074501481469",
    "coefficients": [
        "1.0000000000000000000000000000000000000000000000000000000000000000000000000000000000000000000000000000000000000000000000000000000000000000000000000000000000000000000000000000000000000000000000000000000",
        "0.0320178018978760004414294082301345064768295054452613481152653862421577554293109890934636107655231174297313821660182364081689081731072265267243202427404833840875864555901212815679991427254432526516176011001193359447432916473004426486394334345746651766095065555482006578463802973165079874297986984864700058445406",
        "-4.43938905721359458830486093198431337997406566288119038677015265581719116370246742717867980811046049683265857525704939426626587140575069466176873151465783302908717305607796903794301810242352247079671996361815099462438142714252653805826372786222715724810550501926010560210722163900136832424062301109584056360635E-34",
        "-0.000606693953282541759844529410498865574585015953956830686022681822767149219195986357104548636520770498081045620334761972218738375494632053150620590671559129515443813343663889482501515596789134553746696189526642433811674439362054813755881937427552951983625562547367814897866853463865923992479863275569712963198346",
        "-0.000165077470430037886755138869691880785949045614769652841927732413369882290098239817596226100008014946075898080674671541988917481511185938922474137007460053942213001101586193692702962855677503958290256830389122663963360139578376158424912938965008240791113796378584245145894014269308558271109723588365968448665214",
        "-0.0000247535356795326022928833570155501992122114348182213277831577965704573232152723144377440490345835094227851731745986231023510724082845300326957669439211462467197417612755419093851922049434064467741065922750640677837077695663232162588673973639275351110839984092890630361559697347296712038237776201550531588012311",
        "-5.86073498575947844485611470866097881478225370031315478688608112358782887664287226253081480788789380537206544343629203276951561165142432941544930914733071371625969877423318829851371074428508336918555756001986867612739720885866955320623529057828685693256604518761358956467890950790823109132909853670435549937856E-35",
        "9.37787100099820135143090481551843135273699370562758367952357632340757917510707877460886351579245768032459724929833644806539319018742765998459728553010967815710444379882796877951483096141573922866992277113131344377264678939420877032847714385609879216850352550759166279670877689149843721295428274542015013509456E-7",
        "-8.78025362411833944199832693993838604014096473649232054514042800933364821500995654848328587960473244760674424501126034467038113548636037598473756642248928029582212342453586377436568104284006204840172887182091816606469069386822478452695071810737328255903387444317270912701140681818251112482948467182069392958818E-35",
        "-1.5830654614069993922714450915827315559623662539923368777789367276150912226392752837969837658984492525852342209366304472481304517973525764765137976630812478161474881952284406447790373446288988340400948833539524377518497670177424827829441141712623471103154547009937596693291106147000989833242940224937594150141E-7",
        "-2.28080847572434946494004070305523593978210197562522019243511896748517541869251877594907631593192050375693185872422885361217688354252343775234541791466882506611893260183775482993137530619169557798971825665034475841761534353456996334395351076316068440570330350941272591670466617340677281600106759816950545558077E-32",
        "3.77802770033844426465783375561758916265938501549330987774796711618833435790640975881805796090939359332020981485719938666632561729184363819146249382048339294474795749809259817519336045199688306674106554019318181314230715693522089407652549428650584520551160984570653339157150325508565704296805263232277792911902E-8",
        "-2.75475205439195160647801850237747034986315792291225821788823657682556080115149238790246126441919516598268112043373702714975580422763186154501431371548196983598503045894550958973049712971151888130521873861458932098378579418653266866988679604179892328461882633480314473808128143299170179306550452716019082429091E-34",
        "-3.45126701896284478718977173332248341031325235401789811735485910997127963563243052907811046786350528079914367448602082122039950244680511793473849886323596638808103059362347923947326127528298488196231360345603821049576096466499731538329201165284376211728808302520925115852397923938926790547117068425502129522836E-8",
        "-6.44480543192660295479510241687841924347933555586088885652432612843948781202149439453315278648066434006217185012797017706910529015620242425523200131113716235026320041589412516407612062852896618033486185020292591670684534231511097060082419993632174745380459113280746594965783768161418049883951729347605383029925E-34",
        "9.17458772009687120707930658410122364484111463773367249759271064228383092990455764427881233781649021052725823422808491015369169909428594606613946833470377864533433653991829021022598304223660548116781747986061539634516111099953437724853099196077886204022247492937656546529518186580748034992588295959640251718301E-9",
        "-6.23207226558661571872881615545767043287406252726295161051624993981930936187218347048974879537832367840931514939697836613413177908090491119000314954145603466810935061541068075574639041530126145113917539161470964671051172551452312097671062422136699940189020166186890718765527189571608715443650490135933956402404E-34",
        "-1.35290106733671639307077316724498304707576209242679897361181041868843087519569663523245673320057794260483170994379663785295686064277878696332617110777446512526152291345323893281337804164655467180808604014819658381256296451912150155217519810063128665068006846040417913897389497416798309790504160402948459789712E-7",
        "-1.14003149183810618143035473572911229134723766993225292695860033171161385363438752524052617902261813955135722953133459833654292856505968538069575519836597977092978637206457677801670581022758835994681347937168240049355775732315047190392587881323121072052171563078407466152755243846583614623957011007095384680967E-32",
        "-8.78504895453813852619508072899187302886899437840421167253596007002638771742452895127127901664990969476142180712195803092425635146110104999020807153417518069947197698503112785301582644213631776712746175662805927270569400423391811755213081312789642896452274107291599818418981696280872151490558925901997019585272E-7",
        "-8.9652091384761717681762145262333904140288656643584458781294634803092381170022250695873986697435679908468322068360892948806087730903952386712528537595662972014157027989286990156278305428535287407857940740571844131576411046992007421476549133628667748740051332844001919314539267676710590892863407715000819211574E-32",
        "-0.00000301937701302115350267387799687121090075408209530031609679204423526012883545498752478795032047693858007030000710550239388936181650293346698886215303789131614948785720320252797165820223522593151203962493140419955126276313708553970179182351111221719125807866446729329096454210669064803628390128522440183225919396",
        "-4.79754606358822155061457331513012044991517700934874830478841146285574206451676161175239005347252274963083628904105317131671265205502129422767337574901596071709512838735715035276447816836165420607485533171716475189921175945280706002410681841776042835688981652340163616854533440578052561598018192026794288770055E-32",
