{
    "lmax": 2,
    "prec": 200,
    "bound": "2.086956521739130434782608695652640909701054832668882923861658207135213323293974349401518718035132442664378846042841320964002531176397309507028003376435760277078367261536682006725488442259801895941323268360541117405180819945816041544609376222690813172861898251594364623059616108866808836453504320675460335706012",
    "coefficients": [
        "1.0000000000000000000000000000000000000000000000000000000000000000000000000000000000000000000000000000000000000000000000000000000000000000000000000000000000000000000000000000000000000000000000000000000",
        "-0.0150966183574879227053140096619439849920998564402984419751245613195450370767368674101956856750865956392594500131155914208049005374973367313892042979188206271788428510354150135580453060826900355836267913275630559491229897405613154861427099000214966183315495565749747508259686030124062032263109017174666154647361",
        "0.0629025764895330112721417069243004182543754747536405362638350639429975474840412814640583444993187993799258125355140388925097998269485023449381051122280516302094833732965234647043502504800593073823375689877333191622438503057966480090195307957915560656624564175955708972758640479212179578690961784623945878578954"
    ]
}