{
    "lmax": 20,
    "prec": 200,
    "bound": "1.1540969428312073753381569524614979586268254065373208384326387206271763958696486083180676930274755624634501976246972056265584235317387913707775864952830632311482798227601295587215197196912028530474413157757402204394236537528756395850099442259704588035122693560985542039967290763576906084148777639000826640942",
    "coefficients": [
        "1.0000000000000000000000000000000000000000000000000000000000000000000000000000000000000000000000000000000000000000000000000000000000000000000000000000000000000000000000000000000000000000000000000000000",
        "0.0321858468176283890301555714382743408215338361294901544401527050153877857690937440192715442490295356397931405014551493329139776195197920451080295123997908722142582929341858440841981704580641609816422859775047968904261199251768790680146904739926324307514349480548399442027632875657675491530606755363565301943546",
        "-1.15066244636539447877610481747147934411613861390779350306111579606992767314198508187267161871747823307595820510685348922605927081729682715443882977198987638982242211751422312108668744611663611665585694048680559108759030509171955950208033612091317092219722156349696824615821199538560891206249275669569797337929E-33",
        "-0.000610561743062382627583701567325229448080758697900309016675340455479605264966387618947724173768348906243524799048137584187958304585418516805732922904389777366884603006704629188344855088723156548304820027141062294020047948385615957990549649697601881043072630453271274576718802332142810710313314088568328730121375",
        "-0.000173263264424413531459214679643864376787902321178787311389015519316485210853173496271889682877822752335282750504001365762522301984384430016413876676756333951516507093981768048554629677833911900359169486769567329533918807855492841099110232570255613443852550514694280460934188155446680525467856603965465422093486",
        "-0.0000277752017500947031982911861204592223845952315695836718282620663537539815894508153784460692954560858765198803491564548585385753291186978845814063298825798180546378494645190252257008530070529028104620136280942181627573533907247704891817816475920023188547602368392079172840798168702895921538242859109104020426339",
        "-1.51918204755917043245654755994380030448342118419624089038715781365923252086121659698374079434852166102394406544231738891838173491915926104861072565391144359262760468425365306721805534870466319787431705531149474915812126299850900434842252855619611926122886933276203592406446332546450875573696421998368618176597E-34",
        "0.00000135453550670113166044505401514097601189656170570353131863794266623571831893929983037722011928699884657166999808631033433542546484993331865084143685472838668539857212357406384948172190969551699304225799131513283562873140642666945892229797055927659689091562203351448023872509805379787684992457094669795289760065",
        "-2.27345414445862857719994583492872361640151541448621294300443970793162580395846399149386756321677892721739127231487703448184559856389061309782087160758004526406857681882501303163889311772919512026710724276282566667142141688654787276403559625540818773942337648426448018852447938039940506285636846068261640399547E-34",
        "-4.41080672424596380401657119028014055396338638635519286708482926653425563501687845221188251552033472978420664542002906103990306737804804249019252392751617938875754538355052787675958366928147443850133897076759531942527149208319877781000182979919715671456985436810141630830823659756402800155225987071168827281838E-7",
        "-3.03342488645170809818738566096377635942139563658197285459579819780547674751839980793474054027100999372940220181660954253255041606081135844131729121388644014484458218565446767494808906510432385557755025172289363274555588133650212089888099094485695359727286244586702992899139591045335645249953979366159092024594E-7",
        "-9.78578201564455313920649542625340702907292043574194530957693788249564412348384863459636971931125086860579561898277023185959231031751159436517014046667007806277279153979156454212512848596164172854205065445994329981578473060202183674772830651541783818859673941918007494222218163448079143913024132980670120073356E-8",
        "-6.97547299936727032281346870455914380395448573597736530435748942433410328035039428718648029790030563078115048458622663957663368047293145825169320580381715950964122564904832887365061572044644215916999934238568773812223828071318869119129832212041110541600945638891917434819421968165884400670701374286442083635502E-34",
        "1.18233538849018899053126214269576491982639104296834629220331055739259313262448935986146482731008685048813613573412569100196928825365972363104685735554543790453977086716990906794481817882965201365613178065002019487228775172123156986570452766820919944932853593208107070062762760092761217552905657122407179807437E-8",
        "-1.7752591602090502349893632269493461973607792427791202378548781979006245638463787797654237851879438755126201059356886746032832695343003950762260177282564071233645234173876717030086798231116748691980194173848715191860255711509191080523016354948306200318915313289523651827750610134364256688804920259410262342761E-33",
        "-3.68664649535935822646550616432972736935850122879650206298264363574503159878329062487051248032119696156997065951111460012692027989956770050998862960061657362952146732345022188641013935401096216055705619866963820077512717839936166417293045019024079306308291569161686544235938993299506803139015644272469983413215E-9",
        "-1.57018346336472168467519573192825791617800989828517173170238250562949014175414748400304743360861565468396456616161576401098835516576588465609197981491205848655381849086155901122647809370799488035028016759137297984495904701785917552357567870145929926779199533756464238191192120148110088422827890867031973801347E-33",
        "1.73494215571720278196145732160274788167013467737027672828266728503367325609857535004351439551286804343184814616053426429725672645590228587512660381271157806921261029143735136744084351314458419337906524770193341287666914436533703589681907237969191954617579870539043572855665111165876084093592559681407752667605E-9",
        "-2.77842873839478546315467576058863394494486768859419659853807886428015277370960077975571307009401790525347026901475969650519820984018161828473625118366923567166754338938659032427676144101460439845127272131693643836974217476399182816112992784125384172249873351955754255934497460396077252310116980551073290519574E-32",
        "-1.77192794971845025729922636290156927986941815300879561325486966067450648705038507209873080018496242279288259101309522890616891242971970119557862971207261683507557605599130107099896943508574306198056331980409807903522805441550325493786025391430786311290845949451800722849010523779151658702149656088172437315929E-9",
        "1.0499424949043519945588109331441635090800681647206150703281076224436474359995492131695639823057348150327558302452142161609015683750701574167982184687583463177066204506251961192006413789532238670580923355432005261611145681970938387125564863298155280999601416251803483552154485497590198040723879166573661182543E-31"
    ]
}