{
    "lmax": 8,
    "prec": 200,
    "bound": "1.177652054677042259819365552184738256299988754647207543176672321562602525477683272893818356375437257856756752301659817176447690543326303367147133002416241667027488534566773873814514331634680519071955186219993493926061761149407605620245648381130145314069173661742911897755707154133042053480046826496056560609532",
    "coefficients": [
        "1.0000000000000000000000000000000000000000000000000000000000000000000000000000000000000000000000000000000000000000000000000000000000000000000000000000000000000000000000000000000000000000000000000000000",
        "0.0371245680768194294748522393023502218059832939198975067756694752522537087344949784298775993501534190469226611040968272825702231215668422549238434430924756270171868818420293075731085085340410561438259947676488554539413100224219389700766619249033861416565596003819537376552191118219408883661579591330916376843039",
        "-2.67747071374334219701248184056244534565006892194925184046268205915892930370398589337456793454270045112276595914412254488024456668676034172020437396865989002074832695702472789813083922280576413494086350153087774507921687693715302621543096189684827923491647743748198776434438834637783911860133533762749071812508E-33",
        "-0.00159085865366996342830897640148330811181400046119452890756129537376779704653670958068665340340058314845504709589810528635088994538110671577831885769651667549529618474834792434165189208474444575728412784565391143862474763511819116626592611002719909521971167087740757419840248611266608615098231791869285270865385",
        "-2.99875069862806222502533687068663765687134713242334067195466398643379971517067462301178554135530979635237385803989848329214852816316398628179836682769047077634778084877003620772542275545008659036465087351174366592683409567637600156667464695064928993972975511509500567648891406477278957908232609757011617573708E-33",
        "-0.000213206945015037302527641832061570592206803790585136238720437507810354617383254785725117669939524663832018003102948501719541987162952516766256260508944653381752248999675431790680177177817915859186970361241619839888415678519848609539409637195506760900035209666246616858419087486402624543428560573457904092876222",
        "-3.6606258516251983434886505574853831290974127849605657662614032872779767696723798701380466213237657838105940793542811911126016580886270637006415734603422818554190817574072214583001017538615128418444038906270061654914115968196384697459283248605775483427829311833736018570635746011212927763606049431546351336512E-34",
        "0.000104387115164785943213898126314374863227530171641075312934535348825454350653134800706199026552801252252436547714782442008809827868083517857482955513575732696466254371499208143987273617955064051985376441103853735214695736414463133364123179413898620894900248809927840003543320480502829839962224683755787511673842",
        "0.000229267831479898875764267355797819188235760961429086755317058306807758885466572181158540803740269569797381295153234072397144119551454808484922434473013940127796667626807107700365461421693687593911965585692346676997172829843851420152540350133388795275937631475756770788500002096123221802706823146934821296804486"
    ]
}