{
    "lmax": 11,
    "prec": 200,
    "bound": "1.154096819648089695213739147144596923899635448931698622193901070684424164127170168116642200527701301979116377774480381394276177395474734621269052709111875839832972752414178760352694225665720606223346788103539773156327410314970056271923303299027490733279995490719944120190953807876109082506568172578512737124222",
    "coefficients": [
        "1.0000000000000000000000000000000000000000000000000000000000000000000000000000000000000000000000000000000000000000000000000000000000000000000000000000000000000000000000000000000000000000000000000000000",
        "0.0321467443796830301319815358536631108377754360205158049989293286457707256921113886068887912055619440107480758703870113167051254785497695331483320618897174011610899299494483364813111393515676434645952565880236784035468983085880621916652798754702840519312378356409636765648961586399167984502380156654674269138368",
        "-9.44170180715928706439935953207492492114773487828864566184808115525292481111360120069719458296527252603210760314047072958235171419659799572539842418595788582653508270036310505998977831854716438227530780411520705834426204107638453926023247284623476849621011184746050440371719489229530407556044601723154945477525E-34",
        "-0.000609670564177675587205911305049558969684164110732084561541300452739366132968451179913208689505322459390264544020888885411283911394339140783426542616171923809404548011351638023054629120443625675847874090175733326289740421036468313910601275737229314128174246036298684508010697562815293772998496105454621000867266",
        "-0.00017136027644987537499265050201323705191003058798027834382921067941900400686678661040915315138842805365806566638678616633672422862936613122858802713671272555138525122052163543303524707811395775370409074788888640914984627828929279612643332527061523374697053470468393253085167989146018155922755672625358538522445",
        "-0.0000270744944286577586341974808224207902222060403770486964358516252228190634914335179316541417682145374076964235835764381530813764760630179917554083959359347204510147628800939888933181132387921273399524576876471525849315717595897098103418556252431251889003582431804895174845528034493692561758769546616384699960268",
        "-1.24658144582154784866836187394536508587076250836994577407355802406520358804992480061705050647732254095218537842864744857460619488274066795772105546460205738077931089488443861274541799949143348406546109460717203543710091599039914603655106162062074160528780771155196435661646572547460831994944955183158007103752E-34",
        "0.00000125680964899544923989042796530353627543743261674078459205153429024996734169768702638972125724729139386160520150691054087621794070068632809237258110905333526579591093435542438393736577252792457166392079411779145416144613130402993050945422806320746603396750796421256245363953883230392402197420444853708558621447",
        "-1.8650629008780174980881677052663862056654705512666322968408795905943296989326403319722682845058322469820043906428785301385545289651875722220012402714535952343382158777399501105631869765360838819903754950875994866497097411600245143017701684787133926822877205581826407784751275444807812028846384651782120170815E-34",
        "-3.75181405377322425503321444746210049055674674149990479195687980338795590363495406348224036240147282246436529407605161933014267049388591897000645809602560748200305795530462603059285690830319090661001360243256065289075067278737732305911500546059762631798591412337444908198738372528147879067764571551005983282957E-7",
        "-2.33704817198394739001823726819976121704965439565057224498890956571420867605723306005244381142997077008594358117704595851985311940143355618922722791684180923373754071630809303012621658556842865546510134841198349099742842604057099727411608809548505210856596276581798874918750414393168332677529880554954361095338E-7",
        "-6.41627105109690900619451769625935224430792717039484805218532611713234754416554977549035395716478279192932399746565438031122957888919640749018686888499821909008221896520368909791225029336561946645490121868879735084442746960651076694761972693363423919062579261164295868301590308014056296766250102229331666006094E-8"
    ]
}