{
    "lmax": 23,
    "prec": 200,
    "bound": "1.154096944249807740397329422291203848277607264836160546658071372554669384883931802272548907874415597624511169191429797882975029969082568571151955403136934306559975415375629843018073542085282648219857213013366648108837390681948754515201107447752011900752277786627748311053362507199679893249283471460916224672802",
    "coefficients": [
        "1.0000000000000000000000000000000000000000000000000000000000000000000000000000000000000000000000000000000000000000000000000000000000000000000000000000000000000000000000000000000000000000000000000000000",
        "0.0321906923800718080977716790810883092919030729666956542662647645129711529175986417599086981973819342313091843323031356611728316402644078336061621404331962194912310168934177700105691208100963774876815965072121032338210240085082985866609551099573735202065700778279817327836983210859172915663602643443859563700567",
        "-8.81651076806744898344425190395890176362104925414291169858688000560234623891432523060291371536734739731024232305140046143355813801345984391748437428841039426387699649207879737904330513999540079726358609337004016983610368921520068360007820838450522330907337787832588617083568097125769515661798611536426749880422E-34",
        "-0.000610672193145699713257351290971940593124355331480230668659706540128043492990940513454680741876577026451164343962527949170877113013416467639862229856020280293390986531377444105206362306407693175971362184035975159857421399697147968066774702579916904385757507043855984557361247885729627928622239942699074278127548",
        "-0.000173499279037070512010349696969367880766157952726736128469150921177979539755973304010830087129907787639823213122677475732522351710415704129837220041213051259644982238672117256516642490871971965357971036629061621879198512979698107779178819245915471898954695136043785838988676206344552706858090089581136240343115",
        "-0.0000278620060382705951972077100465106467035813924816112308618495830251893597318361879200793127183041089238067074465728650398858174242879359473830993497276715349119067471412362651905124753757125741114973433780916485074225034835533157367048636379838018848688853561157266550926602875337335632613438830552974964764183",
        "-1.1640149885376981222829608584513802835724427826990004029577599866721973031736161918511391055291599058760412384451890150868770090976627434522991346913074762692649150933089478108906640684538531188664148122702565984291406148200579864160106213271960160427336945541419285524538287138041507912700189789600054963253E-34",
        "0.00000136661928269374598482751328625530723956426609569298034891083327108830567252338455914793418313446343895939634761399342757787172706370087978096116443072923371961848652409676258441746627440970996963216158696733800175539191111103826214400828448307245508919352920553399987650322608612490722507266550365556978467422",
        "-1.74195058643428812022462086633102141286435167890844127856566403310622710112393185130333845803758671663751437018289705374449698048366737195521254863845158941663501533308567525630193282151785538974891415031772021357867937064721568318396246070128331808753358151495467829153283755655388375640149289209875098176862E-34",
        "-4.4920477820215651372865756119529774079286304621490832443166702002092535377622354911827725226250264887725846351912680219143851402230906395970221026812807611056393713171642131846176777402616935154295714412393525559789268557380579993257322357945254341199509971615187449398307266886383222896239289236972406512808E-7",
        "-3.11825341935467620296629159936921879067675111063853917635122356922315334844295905722849246978459118548103661528696592884632991706317067423943095730579597339321666073106786392932604507752977482595443443509081452761009845881064275567725143647607760453133695304431338903752915654639133203509099819506607308414772E-7",
        "-1.02001172655129962399778073749633620624333566106539436405832361991252199364533273141643075557595812984126658862804771668885607520253503807751821586707097568207654193388165610982937934703470201467744201065594644118751410238031761500275035535225402937279226189874576298511665125489305134474718033741243239194557E-7",
        "-5.34407637340691400976762393788975228193965363019088143308274681284922836105081010513063247082291633586184960478724002298036272243133105534735856068260790562256912958958913023200562466724443627096281898493136538103595029795763988340283909356101594835534867238655051207015797112246166748360770784300877277261324E-34",
        "1.30868442380509377549099308988971742663998283488902023353113099890855560583094487611470025867395873781707367567413698372171857916498305632114809312931439609220653556553630178310151807111985681898351531386780542948507392386439729413960692884254561703632357175232872204884615391644097837972520762289055975152584E-8",
        "-1.36206793115523509506383291400056625825720217803222428302170397780522255643163101074769137609077145326838116381551935578718876116388258890348082861404134332627604810206691485897459621795696931842331258707782265667608055736623775324032045041278329320935068531580261711786052708488737170299254302556245667731144E-33",
        "-4.6754684836367593478860548274629362254445710365205262639674620202183797542417987731079251902545273962598747214693902012856714271540750397909505708136280784658441142675154987862886808095984881205886568358197583450064351792965918819446492904176471057431163839734247200072094028461048054316445368864492928697458E-9",
        "-1.19935983409344003724288229538156223268586988607797429120308399887856711075038365768332254600763747012326700896088874365212973322722636626385014980554449773966920051406152509405720838936543880107082664436565099212407075876594028428173909588118343128603138614970016262912559638913160862264625748456941844114597E-33",
        "3.06437586800291535548978580657083331909737882966812131276711066842292034746939154489039989651669286972563516833063682535973056169883320365274187259548393253902241434642344592020961948718749581706424234431305934059428148298344803390867390259682810649434035796399496904818411210086276609353369414395379239529308E-9",
        "-2.38903534949207850730524067507675271806589098161074447762548862222981525946945466719216988831739790709530129203427645923408308615538588932714558942279096470966503385276912097929384163401263935999675518076518294700534804204992931119163985166146580975246512179054938204585263897000293200374495291023753558131261E-32",
        "-4.8513651587280152802627075819431028674397617003535551691593455347511644337411622528329298945351676627966102903761960554601397645632938074111568527324558941370305096516022919326405400547637049855591774466081181605639179594904033690256899539987204507604406493525726078119498234698459529396333294674383723739463E-9",
        "-5.70291511255693649849364185714811676904707166394816699631237767130346500163977926916705777125686403491772192375698175350172492195550046400597203919267592475797817118084904567992764182499968822789389789178884068771313578137489095350556153453841835685054045348466840734052242950683609459011959351258337267621773E-9",
        "-2.62410818794457551339132893618255012904731379696170242305055654354826829706754250259409673019660132503506502127303015254257716546170347795181619126269190402823822286498523267021170105992150938283458709895157030983288234579310277977895081457047049999965539622851068721996189809880110731615479371398197001962259E-9",
        "-7.22091258309365187563980092920613961361255382170956007007134810738981641965528853355525002414809562789169090013840594927815608712704333583308326030390032750402739521046518705712600501396471912969915068922059804614388289318871968955932497543991673536758416675068313563677726542365957853760454564925074618683967E-32",
