{
    "lmax": 19,
    "prec": 200,
    "bound": "1.154096942831207375338156952461084403958691208054665466148353164734531393945629769704043157331114775172156700318967262416025195342735498723134771737122881235148175807664446495488541068144811279245862833662131339452214755912535404312387914287698145792797858843003184206048884183680128331066432571648497696149519",
    "coefficients": [
        "1.0000000000000000000000000000000000000000000000000000000000000000000000000000000000000000000000000000000000000000000000000000000000000000000000000000000000000000000000000000000000000000000000000000000",
        "0.0321858468176283890301552674672724688649606641484754644956230223119206602232327249158132828507262901215901769666252043988395230250454402396537963690904493299055628089668245489445077097771230385618293766609908700404772418683727674570135151342322205408897008324524958213646307989870199123169660858455871502665013",
        "-4.38111205198203439324412426496084629498557584851994953042224796823146884585471214221798360172399364109720874737212591141711384020384551796309257734842480204696513479539728879895651281533446933444425058232070942327543489813684260584097924054135228825961713102606737766112082068310583507376527717801569951639452E-34",
        "-0.000610561743062382627583694669468770192784959981126377128559533178076429283220213997354628406701221929031528175257863968772053797566084691125966506113393908873885070727492714993719549521957133005446986513333150157612228702695486092081433705845585098188457542529047189289360224172167152824930001159969903111234128",
        "-0.000173263264424413531459199888873245523774645670157568282640407538790443311820580152189525196588486363217978475367171570231958705440129793438927192659541493254934611071905951710728436424294352985967453035054445223181847529959266237003447918501115094978946850685945354351728132324425779600693910528285179700929171",
        "-0.0000277752017500947031982857318125446964304201568276860435161467626450311481612916908511629167361893770064302765841699344966856099007307241566030387155746256416426422138973086696238987513073248393533319504809628887809855684311613166953006015203580852762954557158641286660735979223947299907597423733125666081663422",
        "-5.78423911563863940653171660566232102778302908984774470873206905974560705933778817252512005837400053487126956321961518907386449682014750484144188419121780419278342882667638262136317260594698958216523301375501193779607875586093867680067220744198041218649342059330603352846100233373434375148863448158718733588929E-35",
        "0.00000135453550670113166044428991283468831338819599253362084696050119327361728019426662462125356989401455848057468773219785148947641037432789962082396523941390202567986630309648424432750173128111150674395239257453235084160471475561728617967477239999298885868537008807762133561426107253537281481659993250052077766406",
        "-8.65610711089313841747051522133518465199085630100250788265311420818108513547002830167152375191033792788235716563945290705887896699263886391962855529023288903063145363545302048191457359859531750467189370459063531160168214672479864115034473473255567391529569519384579931731784269666055945519318944402954120191573E-35",
        "-4.41080672424596380401141262410475939507163166029982894993880625943840187044209754693692998276124813629527265032982277314695459625029614744441051813891538725416510498851573832828643534722073920746801246916324266469373891628647485125610365121767980872347816105954847496211476265891151773359573908661055987453552E-7",
        "-3.03342488645170809818191527294695214689023218374180940214834135299291750928204714921874381575556801319869631286248638890462803520532398405923467795987414249532289865434700507528322145476347158676322117472435410746448701840486988513429464150798261936371396493629430313814154479969385664210798241329420759764023E-7",
        "-9.78578201564455313917938268138549115364751095383896053743294839265881918979504222058713310562521987797113817038701790708069556025707423168406448758841040153507700398114901030376622845549870827321240860145343732602523099182505096069234854473195369336784498924405575791627979387535272068149307713604598527807455E-8",
        "-2.65588999868896488135971145351801236087656238506433693745588103326333118521343957776076532406363312375627830442256675826821093915118178638231496719283549668250670531604903313985188360489838293885418220384347191650781872244394563692722313208654423019177937584074269414028880634088369649127897940460213237739162E-34",
        "1.18233538849018899052363610200338603975497561165833728219672007981802963898002348346596651084620028454503615450081425168625715196243524732524465772286682992889943293162223349929359575414129657980297442948512908808105114918245835720646686057900783965474732600401198125576602165312930927717423175103577611616044E-8",
        "-6.75924523595311431437757177122301109951963262058311221086972215545197717610160346859508885028069599685375687408812686507713534356134359533292740859804470267788128605052849840927322547318185960007703079582149951113196018596400572300630423036287920110744242892349565770099389709371885369624358752597040127374308E-34",
        "-3.68664649535935822641540200520750084048338135777662243573553329278503895433429078813924688157613812546211180137517952835043884673905906069517502115172074340053395193214285088662523251005456172668813872170802544007567663355641373044193553729406823079864759830351516416115814937082852883766758221115322108494441E-9",
        "-5.97842518383289325614859061198859419835054826359519952106355081494160176919432304655842250323970801811736947890331126873827630773012225843800700932064531808619704382365900701889339942543483665511918762392665638532452784975381652670545029114043284819811809430577116543347350420225727498076884952633618335422479E-34",
        "1.73494215571720278192330137959602693009152808574207879752660170105225067204640658969167082634875299584640434280226585463061451296694112645777489488784096057007412910244136851306178109515276956997845681216471699067815684724653251609351318210222990320463350570303471421151750905004133526427689776211628637951897E-9",
        "-1.05787895657841377665114166437716478784514308686878736829934323773841081827440900772726114450334608513092134840875447747567911555887661537658244129321658660671492288806917567602616838694485216197084622992004399206602481842413193427080742224429607199907449739100048382953703145270185808141553850297398704096602E-32",
        "-1.77192794971845025723868576077480225460014643444043019929148730775171670852746683209208673111747782676423808868668036059461163621247159331535704236128025986105446482369576021024709692028678170372652409919030411004919897220277232455942606431611654542252365477609609210797333431815108225948936506250908441854805E-9"
    ]
}