{
    "lmax": 3,
    "pythonPrec": 500,
    "sdpbPrec": 2048,
    "procsPerNode": 4,
    "bound": "674051621605124152.320830612510404163354197295228972290768099290229812180388225968010791263431586048610359921821623703572448519087655905607104675375239497609502639617631087201000071585286572013858963072103990537069167358479478052138990227818342896623698534681340175043574875000271533590009001188837201061046693509019223918441631985458489483267313999293495855749088884527049609770883564233110998015861922754542936552766332186261724369887488828908981973335697577566958767698052604498154929023226794320857118253010580419664121533622581847633669180342855163917670175845902642537369600171370156851168199691316342121523111982",
    "coefficients": [
        "1.0000000000000000000000000000000000000000000000000000000000000000000000000000000000000000000000000000000000000000000000000000000000000000000000000000000000000000000000000000000000000000000000000000000000000000000000000000000000000000000000000000000000000000000000000000000000000000000000000000000000000000000000000000000000000000000000000000000000000000000000000000000000000000000000000000000000000000000000000000000000000000000000000000000000000000000000000000000000000000000000000000000000000000000",
        "430970741406128472955.62007627198893300826873987613879901971530974405060335902960521070077216170612248629817317903359531628096820574020849689609863659409554685485033936763427503747493197343296652737399558066262132295413592603548627610396433702402586128399747745196377670192989931000572848592737893149524306678720422591393701530595898490563345226801112944879993854433341944475321580752109066104035772565089655121976085006595806499076696592872392815803593185231758435946947711763722097845556109382759527522305481890934339063619023420543323354702752730164339635979860523600864012983072188756206285288670594867767374597706",
        "-205940835556979681483.52194382631573715310991543041788139239436988594325476459750754463982909096812940913525965721747091309225143841758357537944282609796398481050070051841188978498794070873037472437212719560473480323822715647228665541985498216779695856834456201107562118906888077437438503080788474632953789054741760828628973235987976804342111078487648730982814562006793305772117332393395639771806622503151983850312847200443640081640584784762248986541457995436411033736471422158658926913293222478113485561159975908461932292833979060944899590672374489844451284834440272128545804638343807584416360435691034472772717289053",
        "37709653711509174057.97869027342002456423558036496721233428096882836565805564113254643453030657779379130849939666881283130270627322474501170578015140030537876747030317867692078838715422525605917675791055385949487348048810972141559628163176464421058708772387791330100939421752592519123260180450951875860357702895945016363939301120011973957737367639425616850874276958340274832315407333525837706218994534308475947756805578839004937963341761945212571136388740070951950314772733111658139185520334262658272849178632007163504497337488695205445661289500236061786428306597502982315266827485965492739506785949836022622564931427"
    ]
}