{
    "lmax": 13,
    "prec": 200,
    "bound": "1.154096819648089695213739147144577956725451440835975152314290893565768121201700266909896793132003566383918197600048030350642706494130603052790373479194116920164985803625421976721139776307683138513648868889059011045073200496805590593695390085320236386231600057891499117568828027957128885203562508777970342742247",
    "coefficients": [
        "1.0000000000000000000000000000000000000000000000000000000000000000000000000000000000000000000000000000000000000000000000000000000000000000000000000000000000000000000000000000000000000000000000000000000",
        "0.0321467443796830301319815756488676370286290658721177625992565301448291180286729373954871610745975762408216808640450855984882183153161173017431524264677231262037804501414312968903652634767032355160865405486632106706649030490397481877570263669170669525637626129751635303315870474798489705178157024712670918076704",
        "-8.21264244093915679330217352052729631100697587070195732990220854869621769178880008615068405761960128407962689198656429300457290298086546417604256616301814755149359251247095936225137525760942152879256244579144760523729341583585693583157610238127887200767780393994654406803684564595311552639348357743645933854044E-34",
        "-0.000609670564177675587205912390681506608387738595125244699226806411849122828722737465776358447077534374014122731191689629513659424579030916245967344488393070780978766935806565852146452640855181338463438402111825061846190598719447851012023962256897766207554989706361655350090087702248877193274871205899664547939479",
        "-0.000171360276449875374992652384718602287982138916772379288394235576166393220987544075603829341440152406957815930929385822471108729899185583534251359376331142534820955804574767290203681815619674614101706232204999218612573722434194033003263172155946440746391730667011604734835798567758624392479372120152612227541235",
        "-0.0000270744944286577586341981563733317232926584531358567718581466831875128145510830716763747109708918319932279577590062948290896782778759599117144851648309636887686222805204355362073615474170820119762225500120402985687417410382739525414261682594820902191596296492306068708063177530230634018084969746356754432804714",
        "-1.08430963866466498407606486846516394737966212000367959002440956821363822632107339473589079012392222209621559612395456043507064144938117232886593052725329202675096828119668654343079742125880022239328988172964975054012670587951961704302857039071107820739033461006190219677463014892805727323956587269109042625934E-34",
        "0.00000125680964899544923989052125599857947084001046248561417784943039135745464534198766952547604235675511422598400259956063373559178851900190663198378817926450469559919104899886783341867613863817100961724431250189918952325088460299317853827762751954814813517326591832262083945478392045709746630997113581348429972394",
        "-1.62228114374862926200796641728807767107544852959559768299964248199513935021502302526853379435929141880894558087106752758044076708288823148200765313555937785788169586175848493254347713608877253652238740736523378929980209278697339892859079681898374966416481107707609637443886566547785870665214144594374091552292E-34",
        "-3.75181405377322425503381160418874190186848337495677397897391578325696740238007580110969834744390798072616200101512246978718732491571811041031578798468497546508696552743620081355652537339273455566294471669604960218608353662530862233586442638120311685473970352640254429681529388095745057586237762395578959760207E-7",
        "-2.33704817198394739001891422671913071214851043766501785966126283715816216705499102899205229617660385859409019799136311143039477060617294824373537008517151141078055277438982412090638602110965016631862207688343513285195853625537776112783284371215545933249145154785333859716169929915454596755873782776148595194858E-7",
        "-6.41627105109690900619804642735835617750079639760804976785613992343723295008627648636068448426467729644654920334584320187705531478671237380118444018828722230594644992034310636869855798814773548553218149870853799586271951532180464557373932068195404269229449723627035221997070255844691414278748328661485290644236E-8",
        "-5.24705831638395713386590736120015677513960059083749827269553271171712051164204608776727470815208813972623437336004858940639687620635193168738434251309118276536804977993622693228924758850006700367704869372622532459416164398975783102493683930928686201080539202788843652081533126439981648284228645392052371256136E-34",
        "-3.67513253536862881747444008280972467252556528592148577224989444686787874586047978444557687684105996755037601962987582004419499854447639198180960175627367628938126549543171488520161333320094885159189452366296329383767918470712782350528350877026715307031816772355359900907212382209793706454745015673914570221559E-33"
    ]
}