{
    "lmax": 21,
    "prec": 200,
    "bound": "2505916801.704189046518240326751731485428178034604541419786092414030344182687137732656708125461978910198339744589682442340855274204232008082451049521750841923536829739742389383823306466642487358149775806919968415454036647743483744300260435907704727856347234689533629503067413189359070473399471969040632547765141",
    "coefficients": [
        "1.0000000000000000000000000000000000000000000000000000000000000000000000000000000000000000000000000000000000000000000000000000000000000000000000000000000000000000000000000000000000000000000000000000000",
        "14720250512957738912405384834.239689527864676751354158114979221292749012587875007081642637197763999521623874558012062277135071561550117380738458106223874563790756314494554523004685516890261531776430570554974210306310469489852007692429847630647533821294760333197175021241479966618502300476990548086533505310737",
        "-172697101772643579800.843356287359904684553531846264448470287895438855350464232156491161730197811302910133205990678048725212877110135729304139835777528071529301583027882558282868407301506382837839608917696982385993300772703749589420821511122666800030344477403380792986151498935702709442043906279474202304289515",
        "-34399044775863369199751915873.6144053723399809114712669041317934437731558612662567724587783249593546911154000818034355617449593984098317807728404672564786739416036851840757277971062475936938798253263325901409535992937652406408222259551972229000648434768558413031587078321842847857637067951329426690167523357398",
        "-172697101756519228106.02309975443909068369824069295851530859919364092358624581502001936964740281333897587972263149559750075665660202762595575962044663356454194161425710814268474273619747604676140883499780972012722822499547746898078629744613171766234115046936108176468239303715562413565664084135586633720169686",
        "101138849757270140786734948273.677834510816274852719711747877873712835087091278801218512650908839794851416283255622116052491868633726188773774770279250560497500779065759197906176459197263670853365811871501338418303640378374922747375939552605940469940111620932773665386297067313375270810543758659150808527958825",
        "-172697101761745880434.640762631829986883939548846634701114108020016643093748751913880748903021107709328825365280355023749738505574940967214829586646346385997516663165317009155548004109141944752810457399746039117264305801592605181850839314112913620885739525533551716675333126920758427818795526512746482819197176",
        "-314562526999453416360389583452.81575554805688318623331266447527322998080060164263743110851721151815029773265470683664729531136172694722637862683531303970861865177639022305950114714219772430864836426369100067398655715572413908617929991630634389816811580254553848875117978341535453738760595893076769512027285403",
        "-172697101760198397399.708078355099955515214062229909152537707690836144995003680005892980372353034016056401556106638531341188091520275365326816687039898445703856235658888621870882135408921335497572895652102600269986297587606393142466700477904264831162216997194185564177848783244169338469174624483417929326313034",
        "946453185024444544139530516880.766374577396196218414066525798099195254370659478159339619859891710156592472803454966993517825704119466891105950035792068519416164473684839894892990189244400800086791243364632105450837523054919073212612014816305736401608199891027612701126271707885795665968453098954993193388430801",
        "-172697101760664064973.563871397730930673537305101205027143258795942911526842743481865610265966070643272969026203764135916039368625669940237039345540195660348041927932261545483845641286840818895623605701200561653745888092825172696168813467894012665788332353931417040542695254272691552008402087070024737859336192",
        "-2591260483266229592997788707115.24062638271612936542569693081216518438050627234937068552005641449000195244211853142713309030330421356785956293710948222522424061562926101379054201980432355623199822960138566977309399606175812705582141025051696178269404912282630534879616549119111154240830955954128250084971932499",
        "-172697101760511394415.063911961860727809638157271700253547178472663309795576803792722571057559355708294539689379684694735470595776772120241068477885784823065252917256383533399943243051085136972776355940839334633784385188857867004631794934747913655719179828090268622460257392531794300747594907035328956732607019",
        "6122708928699644257481020624996.99504363495483972997407238746272443625322858674017316525142491975403438100483786518035115252984770267087070366675644310365072850422675549615598264260716536210273226377108187735242649890005382567034548682716041822183795051241510360397629090901501009356987108037523076659908526576",
        "-172697101760569206780.217618792001897228427487658551174856477521232493344139802824808087297176547526692042183164804873439181358957058212819798086352011769040587788269291427720411719779251986889134402716847088912264992833349032094657221380511654859190632585938782745115040294125712024007004173979565289371323652",
        "-11793913818140758978319130581687.4296943711433799565332313573454530429388628853899590734556810883335191938214560957205167178905103255897361971475130934251534865003631388614267329071904110287201033166113367021521178136343002474533737706781604650561849642365265565911480144032205645840864608835188574007269895075",
        "-172697101760542276637.105587435995627036218651686669119217668783229763984669341550277630195532984683142209437662622996510153950125005763842059576480540484261972229094768733057984255089161778603700472261683588165918852419024707565316281987844438372151662815117464421554997090154891121224130322943170426937826207",
        "17173410062741152921842593816756.8882481253205969537336396084959373700798222259764160075937220486737959104256588264252659996302241729930298086310088263916569665367064439927964907067798313753475833258091911312064259415684509289016578344694366768994392292168655613471230296930178815224308234321517435343707675079",
        "-172697101760559125254.201212208047206082015500029974137928829722717472150740197755896809195613771122298794899101949647989239563610058615758525050183173393068159576518180959737272099195731223925933222443691669569301702874951016337754484505549576619202820236433952146004889854544206481320736721506398446665045994",
        "-16674039564814397257107224359939.3192079234302757679420588631856254581199966617363142687105893521633460664827777074694929922427060870586448503958117454981796095879045864612850793514503208682982670168603301652562446108726141703309919856421071603009097663334704227255273802334761409743393360599997684242680987416",
        "-172697101760542410385.611876220418876741517373972519369503156622551182122314592048632476021605522061447340327444856389992988625928599249636102989621395943585718835051123867844066530332872808760305232400440310297588861244284293660215379072265431280319425714151551372225859439468207719158715945119545517812673935",
        "8051402865077630131284874572777.29764429370910676207765222539755917835452528601067691872414894366319731782562450275069081901642146038483734464197054224292533299304749900623447732657613197712859055060854088408578767001404844853728400589134958706224685441726360808857776453538693153954018775591200509581526976109"
    ]
}