{
    "lmax": 22,
    "prec": 200,
    "bound": "1.154097504472670863709758191868369461162277382292389054720922370452808899690058290163382913752622197834915754495394769184534162783251996075487261415200121676414224923899187079801592964315145190401647070245020378365582776798664202862769811657764666546253974929297811373278553942776815362736978212099397880724852",
    "coefficients": [
        "1.0000000000000000000000000000000000000000000000000000000000000000000000000000000000000000000000000000000000000000000000000000000000000000000000000000000000000000000000000000000000000000000000000000000",
        "0.03201837350306374550117402776615456499341553371036270079511513047587566063577758278827809583122391526356895418744527329450780016606797495965336079009785907888788539153155579172571992478666077867375826349228723133275555811852473344463038353042917590030808859841566829671027108929671791597694927038612203247146",
        "-5.95866160588971492291582519572333504334472796870578740798367222085817758540248934617028574833124394237658194710574934434302065425434118159657973519993839035037873296061776748104377003726024205771269195719815958326346009159289662814434926266101508989407863263047524999768445458978218875689638147143251754722592E-34",
        "-0.000606771344510175608182833348738638932624209723563968446733717175302635721656663969996080543856993803266598672124855171226543932401193989537624667410658918135963935341472950727477511255090886677862518231699560552105369374992521554567366395810906052172523984175308644119217692799688881477814657830598259309079377",
        "-0.000165117675438214984030643505719332044125412462956058719781624677058822121019989074448922092414054872825523628318155923122997995582948778157196906132819372736830050428910085789576825717182864079968192425351165064797332637319656390771158039716111214424156106081137825827116273544019365720233850128186295890126921",
        "-0.0000247464235292172807824550831839085738758782829078619828315662259107131999280377481983358103065480164180516524899710537594433351217930754083794557342950186456848654303943693772260255433022963492654545797796638933856448826403839185979197190565024615593807030842515666655371542547431591326774630611771336332820647",
        "-7.86627926204953576558301763309939000825953318109250015254363953766657149201048206307467095886728148839332839077145419443225826100611098992883727168105708597188019569645531147490651734627602569187751115180350155463972133842135350199921177454148781708676779211979799166002945502540218350577098614462777192649107E-35",
        "9.34137690618610611747185856085772274569450455573144041820249181307922730035812669875604756269908625686512943617533535232899800360824188169042900114992590064307719649928670735068236991907090033026105067825184215744905186755073566432678990785084749021842608272040101984342426807692404541429750466373372477194354E-7",
        "-1.17882612414342712271477007449274671569274585613117422039087189482730084696985661267783804926569594825562422608334938678750145759955950102340600124018865759885652790825344211464205082262773027780543862745738826045576353925488037466551867155809178595770404032459101557595782759965793602621159054024244668864167E-34",
        "-1.42456959233907877396715364726019091024973598283887158197486105717759489964982715302312983705606065200110448854333787832828693811676362096963712560723086135832530975438555820078540496163280184154011529970507482081744463589829341797046545379426669808608664022988522509257895807933154231953186693568403145810828E-7",
        "-2.39589317867433666644287843583991721439892969375516994325934097110176980764497975925212190835429620173551987374234026146840864558961913717685008507605767777366092059765566111041719109088060177895161591467284576202456960486943004141058139530303019066574448761146651356313931904778059618358944389510141757369624E-32",
        "2.87692001343630059781778738903141593595057041076207979553010174257221286155111190915935165156681439748363883026503851433547785380262678023510401370044751400185415201237477394485899922916008982370947016333532499958550755812442945008112198521503093954450652261665686028107468991288656031675335418818918489953514E-8",
        "-3.72293625957840607313682294646967473873243410546625905788150354185311747829545032273007830201759183952564319758118410330819288735471880175117261878957261891047340647451950567676432731621574508468184330053971279172284320539780287583432872368337038210257724175183112197127756356204950102223324331487641504300661E-34",
        "-9.0224483384321161242297975625236035263080417756260902380619449638306855997650938741957162269119244040897393188408557668233350001782650476647040647757513278226370744440932833034414662570286831160950041895983270202318703570958687613600264270896399034338146414149578641282971374867003869403887033911078029432393E-8",
        "-8.51066528972701925430286981243182533099595921443205873374097025312653428863213104862625258427543355230951381012427154903930377046442629831676964139619497653765428821716326882440854616362877199414345633748332642961259379975450107738862785005369175265788220593993655003384082147280674408120745126280569386359895E-34",
        "2.33979116279859833270654096875356121951541427448483260561296649448378407044633680460759654684813762601026845095114476539912934405098594249825432924115413613129276713772755454737567271282283005882044780172802812524553532446821638186451800016719670457040994118034078217475900943126465996483809245743841739623557E-8",
        "-8.39580458823554572161986431837079537374781714146617182703799725361241438275128702701254267131024381212377482630192258758059571767409543333968766983514922624132356265817345368959061597284292301943438909295522804126260399634685146319450787029740634742289286093735659358870460054780230370885767292516171689465905E-34",
        "3.23780043284507751362455875695934305546593809426880571707120141673501333620396116294683429223319523720992789095937299647072832221242665388956902550121026958527256717592584497895718359261174505036395359265014084065251961314358382494300722554751152654308209471576621803375622124054757644214967874256374552864608E-8",
        "-1.89238455903310686038107983265213537472634181528758370333029609170845311782775687654848679607178709972275569207423829662254689908558367148240663290496390983700933756013231014605385092666764898370936473839657859879828065959423321513150863363199820423015868485648238434699157685493900595438531058479019530403382E-32",
        "-6.45805360580705342914346636168012131812812417893765496936448098379067357221048997234485567424210111658716816558706791309062047896411547274610238130406794381211384193287980739497686361123152913427258866204680731331880954841535328857285128004957453541591682816467355981025402326839806908475670491733870110821656E-7",
        "-3.84405782724173183001181105380628204136871872838878488378041930199212254691533006652731329610856933188128318922106598706948576982271087579252817074968973089495862062664939050452554481822733050337551775057338486978666588328058080171956555835414360368336292079977698174436930671320448086114856376066941340172861E-32",
        "5.102727865887458072082173840724417223326515397343161382828682604112106275905719239047090372387691929897213822311023643402133382442106626390506153088938873218748166307394487514720743086914630458370478710531806897505601145252832677468254617830129440035029382211505197351973044742680672256897953251619378827018E-7",
        "0.00000577663947287661293748387706271610389638590679156994420664879488030684900047659756384259087951850046586378303710575489029386054926355617320108028728810285223975827764079336478817520227556247851447490219619641909404696142753192561261848762182481747362380318901272047912330729245897114942501603783646680156127259"
    ]
}