{
    "lmax": 2,
    "pythonPrec": 500,
    "sdpbPrec": 2048,
    "procsPerNode": 4,
    "bound": "2.08695652173913043478260869565264090970105483266888292386165820713521332329397434940151871803513244266437884604284132096400253117639730950702800337643576027707836726153668200672548844225980189594132326836054111740518081994581604154460937622269081317286189825159436462305961610886680883645350432067546033570617923057210476484781154749460497459839527319656112988055284887124864309176472157223690538542001315319375016485583755813933865952503891777163711783031456700485252661309803481380278814545205933272851772030968593046374080966529345521904031958564483740282957778455083798740009307612068615970794301253276783969088454",
    "coefficients": [
        "1.0000000000000000000000000000000000000000000000000000000000000000000000000000000000000000000000000000000000000000000000000000000000000000000000000000000000000000000000000000000000000000000000000000000000000000000000000000000000000000000000000000000000000000000000000000000000000000000000000000000000000000000000000000000000000000000000000000000000000000000000000000000000000000000000000000000000000000000000000000000000000000000000000000000000000000000000000000000000000000000000000000000000000000000",
        "-0.015096618357487922705314009661943984992099856440298441975124561319545037076736867410195685675086595639259450013115591420804900537497336731389204297918820627178842851035415013558045306082690035583626791327563055949122989740561315486142709900021496618331549556574974750825968603012406203226310901717479056738670199965024445683697179860309902413128714564770851471990807321715010059438920862334668666432021132504447966076235440528125426331281705446665731114889054113683671858845295041547138359516608689354787176078809319106105132618625726799782142670910651888755362155083706204625928402607798965405465391162795950900210494",
        "0.062902576489533011272141706924300418254375474753640536263835063942997547484041281464058344499318799379925812535514038892509799826948502344938105112228051630209483373296523464704350250480059307382337568987733319162243850305796648009019530795791556065662456417595570897275864047921217957869096178462398575523575611016988042833261616581674699980459075647487067127969876658794062768600413888982552796163485972546116029267442907068178285242602312746203576140441349533272354487776018047513183574488281361486229797109598542556582811795081091182721106469070710191710951114462961841792325690898464231455581511158942298863690071"
    ]
}