{
    "lmax": 18,
    "prec": 200,
    "bound": "1.154096956157486477312336366689559514924971095037201605489586936204666390378678996874383520563018386458457041237930956505356011287025251597236654122096783120312397052458479343012911104775559918123594347380080307076685893557792207213214708271678912449604505869231182531717454974586289660949161409382529460260237",
    "coefficients": [
        "1.0000000000000000000000000000000000000000000000000000000000000000000000000000000000000000000000000000000000000000000000000000000000000000000000000000000000000000000000000000000000000000000000000000000",
        "0.0322059066425998771992732644471510002159879548584991251572272137896653118704601870452678806893432695471682947616339905174890665148883514334268035858979777997159002990148433641238472152567307244928656024530310070431879589217421554138323671605812753135102262016796482380962668010176987772074744081540392567174159",
        "-7.86147668130192584590194000037055680577865863818059266390302889828670808107642309639889161751132285934880371879827923917441237831165157199799945779151628848349537652408678700810514222432942424446635191296711750774801799053306519798927058287725907701882582019530343041301913188358701343222252897667948732953843E-34",
        "-0.000611020951092625592691284433519157369951185929287010802072404521928161966834978447390132244823883359326895015329422660038831289107466878916788583866291403106680527889696514126570257485705167128878704048288667967217725034267595623707268918867440677096272875662326799611682910520230122394467865194400871726258229",
        "-0.0001742406166293485593949490325971322971010805527064189562598013800571572830244349132707489571475398528580268405804908080071197733848376152121094963716473703116832973704616451674210036578921476432743707042649005440019587581813299631627345343540070233336019415713293716350459358401750100371238487672281908403901",
        "-0.0000281344002371887932864993806615440937873303662818266242282569073457238105375249208859402248198183513054674569028226716396160700169599124253678722898977748441994712762512277044297118484166525901816904987673130992497071918704727631280361947941813461617992515051938892426203636898635723554955374688958650333216484",
        "-1.0379231837882736391957798481986861609420091466449929252148143257295398933902703660520796848683838480406883293141802825812190597429933678794136975290766433044824428514200314868475341680315566130189512281090216298507963382877673409304696682464185424828197327937972341568457399685922483749733243860367199025818E-34",
        "0.00000140426747983881415914318207172007445423932483132488288146268777723818629881016931581067670519060239734133575944784567025935538432840088977668714605653524316345232077700103775549425574865800695826450823132195511503300606974406181773120729254984213862246619885278426416555963354805977557383489282981268318417328",
        "-1.55328030112912534303945648507464888020729682074565260314504003519485623463731535810112106312897117945745528944370609993195739436721272146246434345274539855213744045229848146480871074559925779054712894571752881028748342480563325162663448923759387537606398354318088231558252640468612238867257358667610168978573E-34",
        "-4.74703804968453242607407720118156078283573642250913613478734824910787730119971245767475134947750952346791547823290476513795691338250065231009396742342093031727887387314502357880718546751550161115830944856231862503228055998020430514074269675734417370374453439726596640357730035240410565158921779676923723258989E-7",
        "-3.37994853085359747202749858580310400462558930324133938460742358281835212093904116475799507652168124749914747257286531816766733209430620391523237210513950180368335675500717074550270995470143847625278577711676823157798290112052745523896560566227443991778181727668742497075828804966975231633929285508831515231285E-7",
        "-1.14751168216515093194433525328251895543138196810266636698070026436110480238135988691691003450220806704631914581628072545529399906163435780183653251122646884055242858976529401608538876637328248519455849811714728308707016247835780677948984755375029271778791459502343055474443577102356868717459579187137597241597E-7",
        "-4.76113208531980169524405170760652005833103536508564252399475250418840895735307384679766169391138636529312314283807417144804469692032298273414626475052406030663376788362803530724713081600260585864627364154779488890804853552370076862973502330915542063894618468892766459906276323703679682681868288273271732393575E-34",
        "1.65580627185797963145210261401521793234947052468931059999468445247366342757340620273799973396733227010528127268535560883521005673957903293587057258206854334136390160121409489632521339706356379352519962057684766604486308929784743847920651948074245858786903154497187361641994933798954771724590204771435509436123E-8",
        "-1.22610477031029701161179835200465618857153510907531595216788389566615897930566412053652272401213787231579778577349220018408817175996223350203619275184612311447738679526087936533524399969450338881094066841584443561345707785135924010007615593000076264927818907869778872781534013570398504699678018179910793314305E-33",
        "-8.19515983442415180972122601946684008433691999733481859751803442348114738312003789903626283040345492406688068479601170709204479299193356332533633143052762697278431422165645123114387720818603323591654658206076185911239856306384961872091029586256137318134420583500916790493149912923964696038902727257143561551863E-9",
        "-1.04788969182270939810381031040102420634317328431448681620210853578622287746845421061302186679697556746747145217552112873677676479321794656819481081364812395725305072383893872324679590584840006617691525892225125168115730831200414465077707504129213337312579885559105368805725036845367385551457496808678924923853E-33",
        "1.02630752941275714928561554262874681011082679073241364651958310015289241298578885741252314051810768394658766626460567060956789625857216633181778912752658557971870486759898049809905265702586381707376053012131402752602093770898693727744131370419999567152904266445932957309159870709935800185097680949098707436423E-8",
        "1.25907944228221444035727158477974405993531597611488630544470997314173913959169553700962148958976675284380160810464838442761906180271570108387521448432065546678300301964729142607423780788125552180486141252550703592299960380579296220893335028359765540538835522207347512425718582535294580901662021979944358077817E-8"
    ]
}